product_code,product_id,category,elasticity,review_count,review_mean,share_low,review_group,rating_group
0,00250175f79f584c14ab5cecd80553cd,housewares,-0.02898448,10,4.5,0.1,Q2 (7-12),Medium (3.5-4.5)
1,005030ef108f58b46b78116f754d8d38,perfumery,-0.48274502,11,4.545454545454546,0.0909090909090909,Q2 (7-12),High (>4.5)
2,008cff0e5792219fae03e570f980b330,sports_leisure,-0.25921693,7,4.285714285714286,0.0,Q2 (7-12),Medium (3.5-4.5)
5,00faa46f36261af8bbf3a4d37fa4841b,fashion_bags_accessories,-0.00054900354,0,0.0,0.0,Q1 (0-6),No rating
7,0152f69b6cf919bcdaf117aa8c43e5a2,bed_bath_table,-1.5078329,40,3.9,0.15,Q4 (25+),Medium (3.5-4.5)
8,016711f78a6a87696645db0a6a834826,health_beauty,-0.21628559,12,4.333333333333333,0.0833333333333333,Q2 (7-12),Medium (3.5-4.5)
11,027cdd14a677a5834bc67a9789db5021,perfumery,-0.82779557,20,3.85,0.2,Q3 (13-24),Medium (3.5-4.5)
12,02ce467092b184e71d3967d29110adc1,office_furniture,-0.27777398,6,2.1666666666666665,0.5,Q1 (0-6),Low (<3.5)
13,02ee0862685e90b57cc241b7c9885f95,perfumery,-3.6376467,14,4.642857142857143,0.0,Q3 (13-24),High (>4.5)
14,036734b5a58d5d4f46b0616ddc047ced,telephony,-0.082139656,41,3.8780487804878048,0.1463414634146341,Q4 (25+),Medium (3.5-4.5)
15,03aad9707028422f38b0563410912177,bed_bath_table,-0.1342041,9,3.4444444444444446,0.4444444444444444,Q2 (7-12),Low (<3.5)
16,03e4e6709b7d6415746769c0bc3e9131,toys,-1.1940501,13,4.153846153846154,0.0769230769230769,Q3 (13-24),Medium (3.5-4.5)
17,04c4a4b9c924494fcf82e0fba966f955,watches_gifts,-0.00065444136,5,4.6,0.0,Q1 (0-6),High (>4.5)
21,05a9dadb8402b6b7ae3dd28f7da187b5,computers_accessories,-0.16052718,29,4.241379310344827,0.0689655172413793,Q4 (25+),Medium (3.5-4.5)
23,06bf70b6e1d67d96308235ef350edc61,toys,-0.10380894,18,4.111111111111111,0.0555555555555555,Q3 (13-24),Medium (3.5-4.5)
25,06edb72f1e0c64b14c5b79353f7abea3,bed_bath_table,-5.384685,111,3.936936936936937,0.1621621621621621,Q4 (25+),Medium (3.5-4.5)
28,077599a82ee54960bc4f4c941b0d1359,health_beauty,-0.4775095,0,0.0,0.0,Q1 (0-6),No rating
29,07821918ef487fd64eb20b3c8aeb897f,computers_accessories,-0.39909288,0,0.0,0.0,Q1 (0-6),No rating
33,086351823300e0339f6955b27998c186,bed_bath_table,-0.045549117,27,3.962962962962963,0.2222222222222222,Q4 (25+),Medium (3.5-4.5)
34,08a58dc963320d6073623382b9ceb920,computers_accessories,-1.5161806,23,4.043478260869565,0.0869565217391304,Q3 (13-24),Medium (3.5-4.5)
35,08c63555bbee955cad9c6a9feab9e9d4,housewares,-7.258365,12,3.9166666666666665,0.25,Q2 (7-12),Medium (3.5-4.5)
37,092be1e8336fc404c57bd5970d056886,food,-0.15437543,2,5.0,0.0,Q1 (0-6),High (>4.5)
39,09c3a2ea33f044aebffecd6681e00133,furniture_decor,-0.42561957,0,0.0,0.0,Q1 (0-6),No rating
40,0a57f7d2c983bcf8188589a5fea4a8da,watches_gifts,-5.185968,62,4.064516129032258,0.1612903225806451,Q4 (25+),Medium (3.5-4.5)
42,0a783d7ce18a37749c3a059cf829564b,health_beauty,-0.17306338,9,3.888888888888889,0.2222222222222222,Q2 (7-12),Medium (3.5-4.5)
43,0a9a9c25c5a06532d1766e00db833a7f,health_beauty,-1.5812757,9,3.4444444444444446,0.3333333333333333,Q2 (7-12),Low (<3.5)
45,0aabfb375647d9738ad0f7b4ea3653b1,consoles_games,-0.6498457,136,4.235294117647059,0.0808823529411764,Q4 (25+),Medium (3.5-4.5)
46,0b0172eb0fd18479d29c3bc122c058c2,electronics,-0.7228523,12,3.8333333333333335,0.1666666666666666,Q2 (7-12),Medium (3.5-4.5)
48,0bcc3eeca39e1064258aa1e932269894,garden_tools,-3.5196147,92,4.054347826086956,0.1521739130434782,Q4 (25+),Medium (3.5-4.5)
49,0bdd9a52d192d64770e33ae559512478,watches_gifts,-0.15023065,8,3.0,0.375,Q2 (7-12),Low (<3.5)
50,0c71252f37443403376d2008034a7240,pet_shop,-0.0025305066,0,0.0,0.0,Q1 (0-6),No rating
53,0cf573090c66bb30ac5e53c82bdb0403,telephony,-1.6789765,14,4.714285714285714,0.0714285714285714,Q3 (13-24),High (>4.5)
54,0d009643171aee696f4733340bc2fdd0,perfumery,-0.19464539,7,4.0,0.1428571428571428,Q2 (7-12),Medium (3.5-4.5)
55,0d85c435fd60b277ffb9e9b0f88f927a,computers_accessories,-5.242162,54,4.037037037037037,0.1666666666666666,Q4 (25+),Medium (3.5-4.5)
56,0d9374142ba86a7c22357ea192bcfde6,housewares,-0.260584,5,5.0,0.0,Q1 (0-6),High (>4.5)
57,0da9ffd92214425d880de3f94e74ce39,construction_tools_construction,-1.7926748,14,4.5,0.0,Q3 (13-24),Medium (3.5-4.5)
59,0dce093fc7ec4dec214256df878e3c08,watches_gifts,-0.8998714,6,2.8333333333333335,0.5,Q1 (0-6),Low (<3.5)
61,0e2d365a247d105fefc31b17ab8706d9,perfumery,-1.3594637,7,3.4285714285714284,0.2857142857142857,Q2 (7-12),Low (<3.5)
63,0eb8e03d4ef83152c4642b606b5bbdec,furniture_decor,-3.1076946,9,4.222222222222222,0.1111111111111111,Q2 (7-12),Medium (3.5-4.5)
64,0ec7b6a863e219792bc4d50d3a62a839,bed_bath_table,-0.014484968,8,3.875,0.25,Q2 (7-12),Medium (3.5-4.5)
65,0ec96e6d31a1493b0475805c9ae1a0a2,furniture_decor,-1.02884,5,4.2,0.2,Q1 (0-6),Medium (3.5-4.5)
67,0f789be671fe3bd93cabfbb4a710f282,bed_bath_table,-0.051002797,7,3.0,0.4285714285714285,Q2 (7-12),Low (<3.5)
68,0f8977d115c52d93a05dd4eb7052baff,bed_bath_table,-0.02319631,6,4.833333333333333,0.0,Q1 (0-6),High (>4.5)
69,0f91b6a95a57a43203a9b17de98960d9,health_beauty,-0.05186084,0,0.0,0.0,Q1 (0-6),No rating
70,0fa81e7123fd0ebe03adbbe99d912827,bed_bath_table,-0.30857638,20,3.9,0.15,Q3 (13-24),Medium (3.5-4.5)
71,0fc6914383c2bea767a9562c9d8b43a1,computers_accessories,-0.6334701,3,4.333333333333333,0.0,Q1 (0-6),Medium (3.5-4.5)
72,10070e29929f7c7d609ee3201f236b8e,home_construction,-2.200639,6,4.666666666666667,0.0,Q1 (0-6),High (>4.5)
73,10717ff440b2320081989126e858b220,bed_bath_table,-0.092887044,29,4.068965517241379,0.1379310344827586,Q4 (25+),Medium (3.5-4.5)
74,11250b0d4b709fee92441c5f34122aed,agro_industry_and_commerce,-0.06567682,17,4.705882352941177,0.0,Q3 (13-24),High (>4.5)
75,1164c17af70425821f88bfbdc9e907a3,baby,-0.030380622,6,4.0,0.1666666666666666,Q1 (0-6),Medium (3.5-4.5)
78,11dcc970f7a5581e1bf777b6da3f7096,housewares,-0.29900697,18,4.166666666666667,0.1111111111111111,Q3 (13-24),Medium (3.5-4.5)
79,11fb16e86df4d50cd2c289ede0b70f42,health_beauty,-1.6850265,13,4.230769230769231,0.1538461538461538,Q3 (13-24),Medium (3.5-4.5)
80,11fd9d7ba552e1d28872e008acf1e050,cool_stuff,-0.98872995,41,4.195121951219512,0.073170731707317,Q4 (25+),Medium (3.5-4.5)
82,12f066474dfa3c415c169051c5e1967e,telephony,-0.0631754,4,4.5,0.0,Q1 (0-6),Medium (3.5-4.5)
83,134a6fc4a713a799266ebd6a4f4008d4,sports_leisure,-0.8126998,10,4.8,0.0,Q2 (7-12),High (>4.5)
85,1427b126f61597524866770b05d4eed2,computers_accessories,-1.9351394,8,4.125,0.125,Q2 (7-12),Medium (3.5-4.5)
89,151133751552ad5bdd6645dfdcb0e728,bed_bath_table,-0.1420574,10,3.5,0.3,Q2 (7-12),Medium (3.5-4.5)
91,154e7e31ebfa092203795c972e5804a6,health_beauty,-0.04009544,273,4.358974358974359,0.0805860805860805,Q4 (25+),Medium (3.5-4.5)
94,1600dcf1cea8c0c83702e07b577ab231,watches_gifts,-0.0248106,17,4.176470588235294,0.0588235294117647,Q3 (13-24),Medium (3.5-4.5)
96,1613b819ab5dae53aead2dbb4ebdb378,auto,-1.4088522,22,4.136363636363637,0.0909090909090909,Q3 (13-24),Medium (3.5-4.5)
98,16679d68bdbed3fb97af806424d7f2b7,health_beauty,-0.36747608,21,3.952380952380953,0.1904761904761904,Q3 (13-24),Medium (3.5-4.5)
101,16c4e87b98a9370a9cbc3a4658a3f45b,musical_instruments,-0.15559706,10,4.1,0.1,Q2 (7-12),Medium (3.5-4.5)
102,16ed6a6e3fce23b741650437fe58d65b,housewares,-0.15741496,25,4.4,0.04,Q4 (25+),Medium (3.5-4.5)
103,177d3d5bb9d4d29222a222e3b3554f41,stationery,-0.0023632604,18,4.166666666666667,0.1111111111111111,Q3 (13-24),Medium (3.5-4.5)
104,17823ffd2de8234f0e885a71109613a4,,-0.009423955,4,4.0,0.0,Q1 (0-6),Medium (3.5-4.5)
105,17a019676883dce326999c11a46a14f0,musical_instruments,-0.14534415,6,5.0,0.0,Q1 (0-6),High (>4.5)
106,17ad6786808ab3fedfb261a70a5932d6,audio,-3.682614,6,4.0,0.1666666666666666,Q1 (0-6),Medium (3.5-4.5)
112,18b0e642cbae7251e60a64aa07dd9eb9,computers_accessories,-0.006958893,23,4.043478260869565,0.1739130434782608,Q3 (13-24),Medium (3.5-4.5)
113,1937b3e587fc766c8d1cef0c11c6aa53,sports_leisure,-1.3545481,7,4.428571428571429,0.0,Q2 (7-12),Medium (3.5-4.5)
114,19421075ae0b585f2dc13ff149e2119d,sports_leisure,-1.4539069,56,3.8392857142857144,0.2321428571428571,Q4 (25+),Medium (3.5-4.5)
116,19c91ef95d509ea33eda93495c4d3481,health_beauty,-0.08504829,40,3.85,0.2,Q4 (25+),Medium (3.5-4.5)
117,1a080577618e7fe4d9ddd8fb2b47a964,watches_gifts,-0.6717768,24,4.333333333333333,0.0833333333333333,Q3 (13-24),Medium (3.5-4.5)
119,1a300f482e35d7eac74b229be067aefd,computers_accessories,-0.049243074,12,3.25,0.25,Q2 (7-12),Low (<3.5)
120,1a405418406359cc2b8815f93bf359c2,sports_leisure,-1.9433126,13,4.461538461538462,0.0,Q3 (13-24),Medium (3.5-4.5)
121,1a758361b1c10b3ffe3d3373332de319,sports_leisure,-0.2762906,11,4.2727272727272725,0.0909090909090909,Q2 (7-12),Medium (3.5-4.5)
123,1b7b45fba5ad23e8117914f8b36e6772,sports_leisure,-0.21235894,11,4.2727272727272725,0.1818181818181818,Q2 (7-12),Medium (3.5-4.5)
124,1b8ee158f59c098470fad33f39660964,furniture_living_room,-1.3035017,19,4.684210526315789,0.0526315789473684,Q3 (13-24),High (>4.5)
125,1bfb290d7273a442c874dbe74b4abae6,office_furniture,-0.56072533,26,3.230769230769231,0.2692307692307692,Q4 (25+),Low (<3.5)
126,1bfe62f326ac7bec0f5a83c10cfff228,toys,-0.64719886,13,2.6923076923076925,0.3846153846153846,Q3 (13-24),Low (<3.5)
127,1c21c1ed398eae61184065889ca3d4b0,bed_bath_table,-0.011954462,5,4.4,0.0,Q1 (0-6),Medium (3.5-4.5)
133,1d2d3b19f5c3d093d4dbccd3cd963a8f,sports_leisure,-1.4869779,5,3.8,0.2,Q1 (0-6),Medium (3.5-4.5)
134,1d3ecbda18167c766a3381fd16108e4a,sports_leisure,-2.4339402,15,3.4,0.3333333333333333,Q3 (13-24),Low (<3.5)
135,1d4de03a6141ce2a2ae5a97f51cabb37,bed_bath_table,-0.025334151,6,3.8333333333333335,0.3333333333333333,Q1 (0-6),Medium (3.5-4.5)
139,1e1a186a03f0d98268516827690d4fd2,baby,-0.7401877,3,4.666666666666667,0.0,Q1 (0-6),High (>4.5)
141,1eaf224c19e07b6e50bf0119eea1dd26,bed_bath_table,-0.02482514,4,3.0,0.5,Q1 (0-6),Low (<3.5)
142,1f5f0f003ce8595ad88fb215ec1409e6,cine_photo,-0.36840683,7,3.5714285714285716,0.2857142857142857,Q2 (7-12),Medium (3.5-4.5)
144,2028bf1b01cafb2d2b1901fca4083222,perfumery,-1.6931707,121,4.454545454545454,0.0413223140495867,Q4 (25+),Medium (3.5-4.5)
146,20531b0644a0719b8d506c4db3c56609,housewares,-0.7640966,14,3.0714285714285716,0.5,Q3 (13-24),Low (<3.5)
148,2078312a2dcf1fcd8a38eabcf5dd033a,furniture_decor,-0.051686324,10,4.4,0.1,Q2 (7-12),Medium (3.5-4.5)
149,2083a6feb4bbb31f6abc92fc24e468c0,telephony,-0.10056582,23,4.304347826086956,0.0,Q3 (13-24),Medium (3.5-4.5)
150,20f160a9cf2e856ee5eba259e9ae33f9,perfumery,-1.2402972,16,4.125,0.1875,Q3 (13-24),Medium (3.5-4.5)
154,21d2fdced5c69bfc6539b67908a4ad28,furniture_living_room,-1.52607,5,4.0,0.2,Q1 (0-6),Medium (3.5-4.5)
160,2267f81f3634e3fdd5d27151ddad3c26,cool_stuff,-0.00467562,11,4.545454545454546,0.0909090909090909,Q2 (7-12),High (>4.5)
163,22c5ddc22ea8cae84fc9917def682dc6,perfumery,-2.5522048,51,4.137254901960785,0.1372549019607843,Q4 (25+),Medium (3.5-4.5)
165,23384f296aa1bf6461d22912093a9847,bed_bath_table,-0.11305838,13,4.538461538461538,0.0769230769230769,Q3 (13-24),High (>4.5)
166,23bcd6822a33df5534f9b290216eec1f,toys,-0.97156906,22,4.636363636363637,0.0454545454545454,Q3 (13-24),High (>4.5)
171,2481a472d98c582b46bc2dfeae6f539f,furniture_decor,-0.12838684,6,4.333333333333333,0.0,Q1 (0-6),Medium (3.5-4.5)
172,24c66f106f642621e524291a895c9032,health_beauty,-2.6787302,36,4.472222222222222,0.0555555555555555,Q4 (25+),Medium (3.5-4.5)
175,25292482a61cb3298df8dbe15ea69daf,health_beauty,-5.0618277,6,4.0,0.1666666666666666,Q1 (0-6),Medium (3.5-4.5)
178,25e2023ed83352bde98dc1490d14c3d8,toys,-8.51082,24,4.5,0.0416666666666666,Q3 (13-24),Medium (3.5-4.5)
179,25f86162fee18735fffdb762dcb10d7c,bed_bath_table,-0.030191561,55,4.1454545454545455,0.1454545454545454,Q4 (25+),Medium (3.5-4.5)
180,261244fc4d0197d8772346872f5b0f5e,kitchen_dining_laundry_garden_furniture,-2.0852537,14,4.285714285714286,0.0714285714285714,Q3 (13-24),Medium (3.5-4.5)
181,27a7e832bcfcd69ff687d611c3e79cbd,perfumery,-0.19226032,8,4.375,0.0,Q2 (7-12),Medium (3.5-4.5)
182,283dc451ad3918badb976d56ff887289,bed_bath_table,-0.31142682,31,4.193548387096774,0.0967741935483871,Q4 (25+),Medium (3.5-4.5)
183,283f243bb09e48e8f324d175182d5cfa,telephony,-0.059859566,5,3.6,0.0,Q1 (0-6),Medium (3.5-4.5)
184,288dbc06591742c5d7fe90fbfb08943e,furniture_decor,-0.8904765,20,4.4,0.05,Q3 (13-24),Medium (3.5-4.5)
185,28a652ff04e43c1bc57937a9f8770f9b,stationery,-0.0077805803,17,4.352941176470588,0.0588235294117647,Q3 (13-24),Medium (3.5-4.5)
189,29fd9022374ff3fef2e8f82c39b4133e,bed_bath_table,-0.20622174,7,4.428571428571429,0.1428571428571428,Q2 (7-12),Medium (3.5-4.5)
190,2a2d22ae30e026f1893083c8405ca522,bed_bath_table,-2.3903105,61,4.19672131147541,0.0655737704918032,Q4 (25+),Medium (3.5-4.5)
191,2a5806f10d0f00e5ad032dd2e3c8806e,office_furniture,-4.283944,40,3.225,0.325,Q4 (25+),Low (<3.5)
192,2ac7c9339ff85fff3e1aee3eaf7bb315,housewares,-0.42815006,7,3.857142857142857,0.1428571428571428,Q2 (7-12),Medium (3.5-4.5)
194,2b4609f8948be18874494203496bc318,health_beauty,-0.73943144,220,4.0590909090909095,0.1545454545454545,Q4 (25+),Medium (3.5-4.5)
196,2b939dc9b176d7fa21594d588815d4a4,luggage_accessories,-0.27538893,2,1.0,1.0,Q1 (0-6),Low (<3.5)
197,2bb3e85f2a403543fdb64e266e70c792,toys,-2.0331893,13,4.615384615384615,0.0769230769230769,Q3 (13-24),High (>4.5)
198,2c8e38b2b220b65a306d88444defb4fd,costruction_tools_tools,-0.07169768,0,0.0,0.0,Q1 (0-6),No rating
199,2ccd049c8e7ea210e079a1aa8ad92477,stationery,-0.00013088826,0,0.0,0.0,Q1 (0-6),No rating
200,2d063994ae4667cff3d6841e9d441d1d,home_appliances_2,-0.2446738,7,4.714285714285714,0.0,Q2 (7-12),High (>4.5)
204,2e513e110e3f95926fa3d1ac44444ff4,electronics,-0.88003457,2,3.0,0.5,Q1 (0-6),Low (<3.5)
205,2e64d11879c5bbda600381dbb5452a38,health_beauty,-0.1594219,9,4.666666666666667,0.0,Q2 (7-12),High (>4.5)
206,2e830c73f28d3b8542af03cf2637dfc4,electronics,-0.15532075,7,4.142857142857143,0.1428571428571428,Q2 (7-12),Medium (3.5-4.5)
211,2fd89f236e3e8f4b81b7b74f09f40186,toys,-0.2344936,8,3.75,0.375,Q2 (7-12),Medium (3.5-4.5)
213,2ff17002562478fb03cd44f09e7ca51a,watches_gifts,-1.5032372,6,4.166666666666667,0.1666666666666666,Q1 (0-6),Medium (3.5-4.5)
214,2ffdf10e724b958c0f7ea69e97d32f64,watches_gifts,-2.4132307,40,3.125,0.35,Q4 (25+),Low (<3.5)
215,3006b8f5b476750a03137c1b2755cea1,computers_accessories,-0.024490649,11,4.636363636363637,0.0,Q2 (7-12),High (>4.5)
217,308a7360ee2e0ecfb6aa7708428692af,electronics,-0.7209617,2,4.5,0.0,Q1 (0-6),Medium (3.5-4.5)
220,31639956e7fac87ecfd9d608040638bd,cool_stuff,-0.01694276,18,4.166666666666667,0.0555555555555555,Q3 (13-24),Medium (3.5-4.5)
221,317a06884480d645d7f0bc82455ec277,computers_accessories,-0.007882383,0,0.0,0.0,Q1 (0-6),No rating
223,31b8e7c2a22f3dba5183cc110bdd72f7,electronics,-0.57893336,0,0.0,0.0,Q1 (0-6),No rating
225,3225c54bb2785c33f49f50398fcdb88c,watches_gifts,-1.0603695,27,3.7777777777777777,0.1851851851851851,Q4 (25+),Medium (3.5-4.5)
226,32aeecc02aa5adcb7f75155a80a47836,sports_leisure,-1.6860445,3,4.333333333333333,0.0,Q1 (0-6),Medium (3.5-4.5)
228,334995514673fb6bae67885458b52984,housewares,-0.36840683,14,4.142857142857143,0.1428571428571428,Q3 (13-24),Medium (3.5-4.5)
229,3354a4e684f5e7199f9407db70ccd92b,cool_stuff,-1.0179036,29,4.275862068965517,0.0689655172413793,Q4 (25+),Medium (3.5-4.5)
230,33ba4b29d820b397054cc97e892ab1bc,auto,-0.008340491,6,3.6666666666666665,0.3333333333333333,Q1 (0-6),Medium (3.5-4.5)
231,33fac76e7f17367dedaef7954bbb33b4,health_beauty,-0.13234258,18,4.5,0.0555555555555555,Q3 (13-24),Medium (3.5-4.5)
232,33fca9d59532dd4c191217a979346ab9,perfumery,-2.3189912,10,4.2,0.2,Q2 (7-12),Medium (3.5-4.5)
233,341d85d688ecc3353cf2a968e7ad0dbf,health_beauty,-0.114818096,10,4.4,0.1,Q2 (7-12),Medium (3.5-4.5)
234,34dabb8af33b3756cf72df05fb327011,tablets_printing_image,-0.15500079,13,4.076923076923077,0.1538461538461538,Q3 (13-24),Medium (3.5-4.5)
235,3570caaeaa3f5a1ae76392bb2b4155f9,sports_leisure,-1.9137901,13,3.3076923076923075,0.3076923076923077,Q3 (13-24),Low (<3.5)
237,35afc973633aaeb6b877ff57b2793310,home_confort,-0.38199013,139,3.726618705035971,0.2014388489208633,Q4 (25+),Medium (3.5-4.5)
239,35ebf08a93899d44e756809e11b14754,electronics,-0.2139587,37,4.27027027027027,0.1621621621621621,Q4 (25+),Medium (3.5-4.5)
240,3606696d19bbcad6cb6c0e985749862f,auto,-0.2796646,5,4.0,0.0,Q1 (0-6),Medium (3.5-4.5)
241,3625fbaf8284047185fb0351f2f84ae3,sports_leisure,-1.1997509,5,3.6,0.4,Q1 (0-6),Medium (3.5-4.5)
243,363218ba55c610b750224f90bdd34be1,bed_bath_table,-0.429808,66,4.4393939393939394,0.106060606060606,Q4 (25+),Medium (3.5-4.5)
245,368c6c730842d78016ad823897a372db,garden_tools,-5.054556,352,3.852272727272727,0.2102272727272727,Q4 (25+),Medium (3.5-4.5)
246,369dfa384d5ad2a0cb97cb4cda846c47,sports_leisure,-0.022905447,6,4.166666666666667,0.0,Q1 (0-6),Medium (3.5-4.5)
247,36c2fb4fa746273709c373f6d6ec6796,bed_bath_table,-0.16489013,21,4.428571428571429,0.0476190476190476,Q3 (13-24),Medium (3.5-4.5)
248,36f60d45225e60c7da4558b070ce4b60,computers_accessories,-0.5581657,126,3.3015873015873014,0.3571428571428571,Q4 (25+),Low (<3.5)
250,371c121dc86b3821f720e7dbe1928207,stationery,-0.16477379,9,3.7777777777777777,0.2222222222222222,Q2 (7-12),Medium (3.5-4.5)
251,371fa349d92646bbeea5873df0bcdc5a,housewares,-0.79917467,23,3.869565217391304,0.1739130434782608,Q3 (13-24),Medium (3.5-4.5)
252,372645c7439f9661fbbacfd129aa92ec,bed_bath_table,-0.51491445,18,4.5,0.1111111111111111,Q3 (13-24),Medium (3.5-4.5)
253,37b99aa22bbac19b2a4afc4b2a958a53,garden_tools,-1.4338664,10,4.9,0.0,Q2 (7-12),High (>4.5)
255,380b4664ba5bb18cc9db78ee6bac3558,watches_gifts,-0.5148563,28,4.285714285714286,0.1428571428571428,Q4 (25+),Medium (3.5-4.5)
256,385a33a408e9c35c9fbc2025c12f3784,computers_accessories,-3.4733675,5,4.4,0.0,Q1 (0-6),Medium (3.5-4.5)
257,386486367c1f9d4f587a8864ccb6902b,bed_bath_table,-0.4340255,48,3.4583333333333335,0.3125,Q4 (25+),Low (<3.5)
258,386eebb43722ab502f04f7900bd2451b,health_beauty,-0.062084667,8,4.75,0.0,Q2 (7-12),High (>4.5)
259,389d119b48cf3043d311335e499d9c6b,garden_tools,-3.7736542,343,4.093294460641399,0.1632653061224489,Q4 (25+),Medium (3.5-4.5)
260,38c56c5c5b16958d95bf8254498ad555,watches_gifts,-0.060906675,7,4.571428571428571,0.0,Q2 (7-12),High (>4.5)
261,38fa750a3a3b3204f169c86a3284d387,sports_leisure,-0.14740928,0,0.0,0.0,Q1 (0-6),No rating
262,394b16cd32e9f883365dd7ebac4edbe0,electronics,-0.38812736,12,3.8333333333333335,0.25,Q2 (7-12),Medium (3.5-4.5)
263,3a05a947f28cf46d789adedc107d7595,sports_leisure,-0.2124462,5,4.8,0.0,Q1 (0-6),High (>4.5)
265,3a806ac1ab98107febb4ffcf38bc1fac,baby,-0.10546686,15,4.133333333333334,0.2,Q3 (13-24),Medium (3.5-4.5)
270,3b42242085259cb66b6e577ae5173c76,bed_bath_table,-0.019545982,2,3.5,0.0,Q1 (0-6),Medium (3.5-4.5)
271,3b60d513e90300a4e9833e5cda1f1d61,,-2.1448805,24,3.7916666666666665,0.2083333333333333,Q3 (13-24),Medium (3.5-4.5)
274,3bbacbe586e957acbf26c63b3ed532a3,pet_shop,-6.180835e-05,9,4.555555555555555,0.0,Q2 (7-12),High (>4.5)
275,3bebad3cf2c8d1a8d3ce97174643e054,agro_industry_and_commerce,-0.00092348945,9,4.333333333333333,0.1111111111111111,Q2 (7-12),Medium (3.5-4.5)
277,3c3d244942b424b931c33f1ddc122b80,pet_shop,-0.03579067,4,5.0,0.0,Q1 (0-6),High (>4.5)
278,3c883b9d3fd2d0ce448d4136349dc0a4,bed_bath_table,-0.04320767,0,0.0,0.0,Q1 (0-6),No rating
279,3cb39171fd36c50097f2dedbbe0dfe6e,auto,-0.012099893,21,3.761904761904762,0.1904761904761904,Q3 (13-24),Medium (3.5-4.5)
284,3d4784f9a07ca5de370c86800589c860,,-0.056558274,9,4.555555555555555,0.0,Q2 (7-12),High (>4.5)
285,3d5837f86205fe83f03fb5f7e4d5b9cf,toys,-0.21052651,5,4.8,0.0,Q1 (0-6),High (>4.5)
286,3d74d787086b0e22ac320ae43b240aea,cool_stuff,-0.050741017,9,3.5555555555555554,0.2222222222222222,Q2 (7-12),Medium (3.5-4.5)
287,3dd2a17168ec895c781a9191c1e95ad7,computers_accessories,-0.68727976,192,4.166666666666667,0.1145833333333333,Q4 (25+),Medium (3.5-4.5)
289,3e442d09f9dfef002aadf31960869f65,computers_accessories,-0.18010226,20,4.3,0.1,Q3 (13-24),Medium (3.5-4.5)
290,3e5201fe0d1ba474d9b90152c83c706c,bed_bath_table,-5.477994,36,3.6666666666666665,0.25,Q4 (25+),Medium (3.5-4.5)
293,3efd399c5d016b9e6a5ad3196eade44f,baby,-1.2636826,18,4.333333333333333,0.0555555555555555,Q3 (13-24),Medium (3.5-4.5)
294,3f14d740544f37ece8a9e7bc8349797e,computers_accessories,-2.195229,88,3.784090909090909,0.2272727272727272,Q4 (25+),Medium (3.5-4.5)
295,3f994ee4a0b20760d1b173aa65037c95,cool_stuff,-0.8595287,10,3.6,0.3,Q2 (7-12),Medium (3.5-4.5)
296,3fbc0ef745950c7932d5f2a446189725,health_beauty,-0.2592751,56,3.875,0.1964285714285714,Q4 (25+),Medium (3.5-4.5)
297,3fc18e3aefe7b9346bd15de863fa0365,housewares,-0.51238394,8,4.5,0.0,Q2 (7-12),Medium (3.5-4.5)
298,404a57563d487aecbc2b1a01d9b89aab,bed_bath_table,-0.10138024,16,3.4375,0.1875,Q3 (13-24),Low (<3.5)
299,40cb7bb3d30559b9b6c4fb62bc837962,bed_bath_table,-0.16555911,5,4.8,0.0,Q1 (0-6),High (>4.5)
302,4178e16324fd0c9a8e18463caf390cc6,cool_stuff,-0.03912105,9,4.222222222222222,0.0,Q2 (7-12),Medium (3.5-4.5)
304,4180a49d4b879e727ad2c8e82a9f4d87,sports_leisure,-0.1643084,6,4.833333333333333,0.0,Q1 (0-6),High (>4.5)
305,418d480693f2f01e9cf4568db0346d28,cool_stuff,-0.8493194,16,4.25,0.125,Q3 (13-24),Medium (3.5-4.5)
306,419cb1b441eda9b92ebd1a1b96090c26,telephony,-0.43920285,14,4.214285714285714,0.1428571428571428,Q3 (13-24),Medium (3.5-4.5)
307,41c24b8ce92d1a2cac62db5edfd088b2,watches_gifts,-1.037275,29,4.482758620689655,0.0689655172413793,Q4 (25+),Medium (3.5-4.5)
309,41db6d8062fcd38410c699743ccc0265,telephony,-0.061081193,8,4.0,0.0,Q2 (7-12),Medium (3.5-4.5)
310,422879e10f46682990de24d770e7f83d,garden_tools,-2.2796955,433,3.933025404157044,0.2055427251732101,Q4 (25+),Medium (3.5-4.5)
311,423a6644f0aa529e8828ff1f91003690,agro_industry_and_commerce,-0.00018542504,9,4.333333333333333,0.1111111111111111,Q2 (7-12),Medium (3.5-4.5)
312,423b46d7ff817b1cd19ab195c7b76546,watches_gifts,-0.032678436,11,4.363636363636363,0.0,Q2 (7-12),Medium (3.5-4.5)
313,42697582a754e573f9e3e9e78752252c,computers_accessories,-1.4120808,7,4.285714285714286,0.1428571428571428,Q2 (7-12),Medium (3.5-4.5)
315,4298b7e67dc399c200662b569563a2b2,computers_accessories,-2.3157334,51,3.313725490196078,0.2941176470588235,Q4 (25+),Low (<3.5)
316,429e7401fafb76436f15e86498bd7364,bed_bath_table,-0.026701206,9,3.6666666666666665,0.2222222222222222,Q2 (7-12),Medium (3.5-4.5)
319,42eb5329dd0ee3d76d135ce04c84451b,food_drink,-0.19464539,5,4.6,0.0,Q1 (0-6),High (>4.5)
320,42ec84ace63b58b8c5a7ba7be01d5fb8,cool_stuff,-0.013779626,8,4.375,0.125,Q2 (7-12),Medium (3.5-4.5)
323,431d674f9a4fbd0957ecf6ba3fcb6899,telephony,-1.081108,39,4.3076923076923075,0.0512820512820512,Q4 (25+),Medium (3.5-4.5)
324,4328139cbe9adde0aac493ca9871eab3,bed_bath_table,-0.055351194,0,0.0,0.0,Q1 (0-6),No rating
325,43354a2ac9eca9f50cb31647c6d5516a,toys,-0.15831663,9,4.555555555555555,0.1111111111111111,Q2 (7-12),High (>4.5)
326,43423cdffde7fda63d0414ed38c11a73,watches_gifts,-2.9542065,79,3.607594936708861,0.2151898734177215,Q4 (25+),Medium (3.5-4.5)
327,437c05a395e9e47f9762e677a7068ce7,health_beauty,-2.522188,114,4.078947368421052,0.1491228070175438,Q4 (25+),Medium (3.5-4.5)
328,43f88c8353708451babf9bcdd1fda92a,fashion_bags_accessories,-0.017524485,12,4.0,0.1666666666666666,Q2 (7-12),Medium (3.5-4.5)
329,44053ed0088d0655ed338810cd2d4d51,bed_bath_table,-0.0025814075,3,4.333333333333333,0.0,Q1 (0-6),Medium (3.5-4.5)
333,44a6e4ecf7b48f87481c243383b1c4cf,health_beauty,-1.5487281,13,4.0,0.1538461538461538,Q3 (13-24),Medium (3.5-4.5)
334,44e086c4a977f37a888627b43880586c,musical_instruments,-0.1294485,11,4.0,0.1818181818181818,Q2 (7-12),Medium (3.5-4.5)
335,4520766ec412348b8d4caa5e8a18c464,auto,-0.045534573,37,4.297297297297297,0.054054054054054,Q4 (25+),Medium (3.5-4.5)
336,457cd0a99cfa977993e4eb6d98d95abb,telephony,-0.03740496,6,4.166666666666667,0.1666666666666666,Q1 (0-6),Medium (3.5-4.5)
337,45b280868bcc8124d9309f459a42eeaf,sports_leisure,-2.11943,10,4.4,0.1,Q2 (7-12),Medium (3.5-4.5)
340,461f43be3bdf8844e65b62d9ac2c7a5a,watches_gifts,-1.7825527,117,4.119658119658119,0.1538461538461538,Q4 (25+),Medium (3.5-4.5)
341,46292acbc08d49b95138891146f7287b,pet_shop,-0.008362306,8,4.0,0.0,Q2 (7-12),Medium (3.5-4.5)
345,474bb6b54fc608ca71059a6c4f7ecda3,electronics,-2.0258596,31,3.064516129032258,0.4193548387096774,Q4 (25+),Low (<3.5)
346,475e8a9ddbebf13af503d1c7eccadb1a,office_furniture,-0.49702638,18,4.777777777777778,0.0,Q3 (13-24),High (>4.5)
347,47cd48073d67f91f09cb5ef9496c920b,bed_bath_table,-0.7453069,19,4.052631578947368,0.2105263157894736,Q3 (13-24),Medium (3.5-4.5)
349,49cd59957f1c81427ca0b2edf5696969,baby,-0.14327903,5,3.0,0.4,Q1 (0-6),Low (<3.5)
350,49eeae59754cbcf1abeeffb8f51184ee,bed_bath_table,-0.70278275,9,2.6666666666666665,0.4444444444444444,Q2 (7-12),Low (<3.5)
352,4a25d757ff72fad7534f478c90be77e6,telephony,-0.12070807,5,4.2,0.2,Q1 (0-6),Medium (3.5-4.5)
354,4aa6014eceb682077f9dc4bffebc05b0,housewares,-0.06710205,41,4.390243902439025,0.073170731707317,Q4 (25+),Medium (3.5-4.5)
355,4ac50dbde931c0a5ed8c33d3dc047351,health_beauty,-0.058099847,25,4.28,0.08,Q4 (25+),Medium (3.5-4.5)
360,4b703444923b5e57bb73ba343f5ebab7,bed_bath_table,-0.8143868,24,4.0,0.125,Q3 (13-24),Medium (3.5-4.5)
361,4b96786612ebe7463132fce2c4dca136,housewares,-3.2415497,39,4.17948717948718,0.1282051282051282,Q4 (25+),Medium (3.5-4.5)
362,4c1bbc12438daec98a77243c2bf7a3ba,office_furniture,-0.09743904,15,2.6666666666666665,0.4,Q3 (13-24),Low (<3.5)
364,4c82c8d31845d751d797debc3d03697f,computers_accessories,-0.2912991,5,4.6,0.0,Q1 (0-6),High (>4.5)
365,4c8b28305f570899b6ded964ddd234a9,furniture_decor,-0.52448386,0,0.0,0.0,Q1 (0-6),No rating
368,4cc8bfa581f41841ce5e24aba773a44a,bed_bath_table,-0.41128004,15,3.2,0.2666666666666666,Q3 (13-24),Low (<3.5)
369,4cd6ba4ea3112de8fc238307c4dc6307,bed_bath_table,-0.3591865,27,4.222222222222222,0.1481481481481481,Q4 (25+),Medium (3.5-4.5)
370,4ce9ab528124f89e091b17d11aa2e97c,computers_accessories,-0.41439226,28,3.7857142857142856,0.1785714285714285,Q4 (25+),Medium (3.5-4.5)
380,4fce0eab61e01d521044c8b071cdfead,sports_leisure,-0.35968095,7,4.428571428571429,0.0,Q2 (7-12),Medium (3.5-4.5)
381,4fe644d766c7566dbc46fb851363cb3b,art,-0.05418774,46,3.695652173913043,0.2391304347826087,Q4 (25+),Medium (3.5-4.5)
382,500870614ddcf5bd84f7d26861026c8a,telephony,-0.0033085647,2,1.0,1.0,Q1 (0-6),Low (<3.5)
383,504f07e36481e5e72043def3d874b92a,sports_leisure,-1.2299135,8,4.75,0.0,Q2 (7-12),High (>4.5)
384,508d5e8ce8e79bb506f9f0c096b295c4,office_furniture,-0.07875111,0,0.0,0.0,Q1 (0-6),No rating
385,50d77758742285ff49f340ebdf0df5a7,home_appliances,-0.2459536,16,4.4375,0.0,Q3 (13-24),Medium (3.5-4.5)
387,50fd2b788dc166edd20512370dac54df,electronics,-0.35054788,36,3.75,0.25,Q4 (25+),Medium (3.5-4.5)
388,5176d8670222d50ebbe4d4c5dfba2b49,electronics,-1.3867757,22,3.9545454545454546,0.1818181818181818,Q3 (13-24),Medium (3.5-4.5)
389,51ce083cd2b9078656a94655ab45b8a4,bed_bath_table,-1.4767687,15,4.6,0.0666666666666666,Q3 (13-24),High (>4.5)
390,51d646c5c93e0f1de543528d0e24eadc,health_beauty,-0.014964892,0,0.0,0.0,Q1 (0-6),No rating
391,51f876eb62be778c757503cf7f8a3b74,health_beauty,-0.29615653,26,2.5,0.6153846153846154,Q4 (25+),Low (<3.5)
392,5215505db2113a032810c3644c346a38,watches_gifts,-0.05513305,9,3.7777777777777777,0.2222222222222222,Q2 (7-12),Medium (3.5-4.5)
393,5237739bb5fee495dbd337755a138660,watches_gifts,-0.54868364,6,4.0,0.0,Q1 (0-6),Medium (3.5-4.5)
394,525947dbe3304ac32bf51602f9557c12,bed_bath_table,-0.095548436,11,3.090909090909091,0.4545454545454545,Q2 (7-12),Low (<3.5)
395,52c80cedd4e90108bf4fa6a206ef6b03,garden_tools,-2.4684365,87,4.114942528735632,0.1494252873563218,Q4 (25+),Medium (3.5-4.5)
396,52e5fdcb5e51164483d584c75bd3a478,telephony,-0.6892867,9,4.0,0.2222222222222222,Q2 (7-12),Medium (3.5-4.5)
397,52e9413ed0d3e64b796aac2bc2291d50,sports_leisure,-0.026584862,15,3.533333333333333,0.2,Q3 (13-24),Medium (3.5-4.5)
398,5328338cfaa16ba10561cd970c73ca11,cool_stuff,-0.7539746,28,4.642857142857143,0.0357142857142857,Q4 (25+),High (>4.5)
399,53759a2ecddad2bb87a079a1f1519f73,garden_tools,-3.7059414,338,3.8431952662721898,0.2159763313609467,Q4 (25+),Medium (3.5-4.5)
400,53b36df67ebb7c41585e8d54d6772e08,watches_gifts,-0.89696276,244,4.200819672131147,0.1352459016393442,Q4 (25+),Medium (3.5-4.5)
401,53ea9da485f6aed8a6f03a85831fe021,watches_gifts,-1.9449415,36,3.861111111111111,0.1944444444444444,Q4 (25+),Medium (3.5-4.5)
402,5403528d987ad26e8d7cb25940411987,watches_gifts,-0.42564866,6,4.666666666666667,0.0,Q1 (0-6),High (>4.5)
403,5411e9269501a870cabf632f05655131,stationery,-0.019633241,43,4.604651162790698,0.0232558139534883,Q4 (25+),High (>4.5)
405,547b95702aec86f05ac37e61d164891c,garden_tools,-2.0356908,11,2.4545454545454546,0.5454545454545454,Q2 (7-12),Low (<3.5)
408,54d9ac713e253fa1fae9c8003b011c2a,cool_stuff,-0.08189242,108,4.342592592592593,0.074074074074074,Q4 (25+),Medium (3.5-4.5)
409,54e5939fcd9ae70ad0f59f612d6d29bd,cool_stuff,-1.8078288,15,3.8,0.1333333333333333,Q3 (13-24),Medium (3.5-4.5)
410,550dc4417c636abc04c71404342de695,computers_accessories,-2.6610458,11,3.272727272727273,0.3636363636363636,Q2 (7-12),Low (<3.5)
411,5526b1ae9ab2688cf600783cece249df,computers_accessories,-0.15642603,21,3.238095238095238,0.3333333333333333,Q3 (13-24),Low (<3.5)
412,553e0e7590d3116a072507a3635d2877,bed_bath_table,-0.0804672,28,4.392857142857143,0.0357142857142857,Q4 (25+),Medium (3.5-4.5)
413,55782cb82e0efe052da0a3da237da3b2,auto,-0.48626447,13,4.769230769230769,0.0,Q3 (13-24),High (>4.5)
414,55b71bf300a2765a382eaec566df531f,sports_leisure,-0.05839071,20,4.65,0.0,Q3 (13-24),High (>4.5)
415,561e48cdfacd14e7cfe67aa4ebd0caea,pet_shop,-0.008551367,0,0.0,0.0,Q1 (0-6),No rating
416,564f6ff7ae760d6eda6d32c551724036,bed_bath_table,-1.8095739,12,4.5,0.0,Q2 (7-12),Medium (3.5-4.5)
418,56d45b2c27871322801134f57d1b9dfb,bed_bath_table,-1.2084768,4,5.0,0.0,Q1 (0-6),High (>4.5)
419,57d79905de06d8897872c551bfd09358,telephony,-0.4458927,19,3.4210526315789473,0.2631578947368421,Q3 (13-24),Low (<3.5)
420,57e089e3103f5cda6a4ce23b77399bdb,baby,-1.6436949,24,4.708333333333333,0.0416666666666666,Q3 (13-24),High (>4.5)
421,57f2bc497c1a3ebe41ba7a06d78ed159,watches_gifts,-0.1257109,11,3.636363636363636,0.2727272727272727,Q2 (7-12),Medium (3.5-4.5)
422,5804729aafca1ebee7b26895d830586e,housewares,-0.044647444,2,4.5,0.0,Q1 (0-6),Medium (3.5-4.5)
423,583f158587cdecda3e8bdea694021e39,sports_leisure,-0.073893696,36,4.166666666666667,0.1666666666666666,Q4 (25+),Medium (3.5-4.5)
424,58727e154e8e85d84052cd22b0136c84,sports_leisure,-0.21698366,4,3.75,0.25,Q1 (0-6),Medium (3.5-4.5)
430,593236d0ff46b4299b4787fb8d43f7f0,industry_commerce_and_business,-0.011081873,20,3.95,0.2,Q3 (13-24),Medium (3.5-4.5)
431,595fac2a385ac33a80bd5114aec74eb8,perfumery,-7.400306,60,4.333333333333333,0.1333333333333333,Q4 (25+),Medium (3.5-4.5)
433,59c1840441f4df065f52760bf51a8442,fashion_bags_accessories,-0.33638284,3,5.0,0.0,Q1 (0-6),High (>4.5)
434,59c5e6e108b88212fb98525c9000ecfb,office_furniture,-0.62407523,10,4.1,0.1,Q2 (7-12),Medium (3.5-4.5)
435,59f09deeea7c839a9212a19f3416b892,housewares,-1.7920058,13,3.230769230769231,0.3846153846153846,Q3 (13-24),Low (<3.5)
436,59fc88d07b8100b80600e42f3e5ac79d,housewares,-0.84233874,15,3.4,0.3333333333333333,Q3 (13-24),Low (<3.5)
438,5a0c21ad6b82a1b61856e48ec959764d,perfumery,-0.1475838,2,3.0,0.5,Q1 (0-6),Low (<3.5)
439,5a3320037d5922a7708647c81ecc1f15,housewares,-0.093686916,2,3.5,0.5,Q1 (0-6),Medium (3.5-4.5)
442,5a7373ba4c9b3e13513ded06cd1986c4,sports_leisure,-0.62285364,8,3.5,0.375,Q2 (7-12),Medium (3.5-4.5)
443,5b226d7c52f86ac72457617f78cff95d,bed_bath_table,-2.3829226,35,4.171428571428572,0.1142857142857142,Q4 (25+),Medium (3.5-4.5)
444,5b3aa845bba5aa7ba1216e36ae882cfa,health_beauty,-3.7041962,7,4.285714285714286,0.0,Q2 (7-12),Medium (3.5-4.5)
445,5b3b5f9ae84ca9ead3138b199420cc94,toys,-0.45342603,23,3.782608695652174,0.217391304347826,Q3 (13-24),Medium (3.5-4.5)
446,5b8423dc7f23089c9c59c5d140eb5a1c,toys,-0.2512473,11,4.909090909090909,0.0,Q2 (7-12),High (>4.5)
447,5bd6493a2d5a384987386f2696bae33d,telephony,-0.38085577,9,2.888888888888889,0.4444444444444444,Q2 (7-12),Low (<3.5)
448,5bfc7506459ae2a7b4b573fe557a58e1,bed_bath_table,-0.024519736,25,3.88,0.12,Q4 (25+),Medium (3.5-4.5)
449,5c6a3e484e7aebf406c2045718dea406,health_beauty,-2.0840902,8,4.5,0.0,Q2 (7-12),Medium (3.5-4.5)
450,5c77339ada5044e33450d5c2660692e0,sports_leisure,-1.1086236,3,3.3333333333333335,0.3333333333333333,Q1 (0-6),Low (<3.5)
451,5d66715cc928aadd0074f61332698593,electronics,-0.7518804,51,4.215686274509804,0.0784313725490196,Q4 (25+),Medium (3.5-4.5)
453,5d7c23067ed3fc8c6e699b9373d5890b,fashion_bags_accessories,-0.01778626,11,3.909090909090909,0.1818181818181818,Q2 (7-12),Medium (3.5-4.5)
454,5d90b82ad1fdff812987fa28158b7984,bed_bath_table,-0.5640994,6,4.333333333333333,0.1666666666666666,Q1 (0-6),Medium (3.5-4.5)
455,5da831182fe9ba6ab33ab17bbc5d16c7,sports_leisure,-3.340036,6,4.333333333333333,0.1666666666666666,Q1 (0-6),Medium (3.5-4.5)
460,5ed9eaf534f6936b51d0b6c5e4d5c2e9,cool_stuff,-0.5807949,16,3.1875,0.3125,Q3 (13-24),Low (<3.5)
461,5f00c50de3d989194f0439e343480372,bed_bath_table,-0.56892765,12,2.8333333333333335,0.5,Q2 (7-12),Low (<3.5)
462,5f0bdec2fb222061ed8fe52586a5957d,telephony,-0.30057764,7,3.7142857142857144,0.1428571428571428,Q2 (7-12),Medium (3.5-4.5)
463,5f19455f0c3902e89f16a6042bd4221d,health_beauty,-0.003584884,7,4.428571428571429,0.0,Q2 (7-12),Medium (3.5-4.5)
465,5f504b3a1c75b73d6151be81eb05bdc9,cool_stuff,-0.36605087,61,4.60655737704918,0.0327868852459016,Q4 (25+),High (>4.5)
468,60495adb1f1a49c8aea75e5e56a47a48,health_beauty,-0.012710705,6,4.833333333333333,0.0,Q1 (0-6),High (>4.5)
471,6109d0cae3bcb57d579bc0fab6e61814,luggage_accessories,-0.09182539,28,4.642857142857143,0.0,Q4 (25+),High (>4.5)
472,612c7f49d1026f7beded75464b574f81,health_beauty,-0.0015270298,16,3.75,0.25,Q3 (13-24),Medium (3.5-4.5)
474,616042729c11849827291496b18e9ec5,sports_leisure,-1.6770277,17,3.1176470588235294,0.4705882352941176,Q3 (13-24),Low (<3.5)
477,61a4100ccd6d9c4c808a1fd954ddb8ad,small_appliances,-0.46462426,4,5.0,0.0,Q1 (0-6),High (>4.5)
481,628f5ed6c14790dcb9233c8dbf596175,health_beauty,-0.1333606,0,0.0,0.0,Q1 (0-6),No rating
482,629e019a6f298a83aeecc7877964f935,auto,-0.13818893,57,4.578947368421052,0.0,Q4 (25+),High (>4.5)
483,62c89abe1afe3a23c17765d462718a4c,perfumery,-0.68259686,8,5.0,0.0,Q2 (7-12),High (>4.5)
485,62d8daeee0db3a60c234c2d1bfd10651,bed_bath_table,-0.057910785,42,4.119047619047619,0.119047619047619,Q4 (25+),Medium (3.5-4.5)
486,63085bb4366ded27bcb63cbb59b4103a,baby,-1.0866635,2,3.0,0.5,Q1 (0-6),Low (<3.5)
487,634256dbcd184b3757ffd7632c9fe52a,health_beauty,-0.15008521,35,3.7142857142857144,0.2857142857142857,Q4 (25+),Medium (3.5-4.5)
489,63de2743d05ab59d85caa49e49459ac1,health_beauty,-1.6347654,34,3.6176470588235294,0.2352941176470588,Q4 (25+),Medium (3.5-4.5)
491,64315bd8c0c47303179dd2e25b579d00,toys,-0.53608924,12,4.25,0.0833333333333333,Q2 (7-12),Medium (3.5-4.5)
493,64d33e6bd1b905a31c2f96f584e6a0c8,telephony,-0.2459536,15,4.2,0.0666666666666666,Q3 (13-24),Medium (3.5-4.5)
494,64fb13596caf118c438edc5c6ed2d50a,computers_accessories,-2.2666357,26,4.115384615384615,0.1923076923076923,Q4 (25+),Medium (3.5-4.5)
495,64fb265487de2238627ce43fe8a67efc,bed_bath_table,-2.8404498,53,3.981132075471698,0.0943396226415094,Q4 (25+),Medium (3.5-4.5)
496,65266b2da20d04dbe00c5c2d3bb7859e,stationery,-0.029842526,24,3.5416666666666665,0.3333333333333333,Q3 (13-24),Medium (3.5-4.5)
498,655110abedc57d73d3b2150d8ba2092a,bed_bath_table,-1.8286545,12,4.5,0.0,Q2 (7-12),Medium (3.5-4.5)
499,65650c84064ff1a79e4a05988f4c3e9f,housewares,-1.0093522,15,3.8,0.2,Q3 (13-24),Medium (3.5-4.5)
500,656e0eca68dcecf6a31b8ececfabe3e8,computers_accessories,-3.712573,110,3.9909090909090903,0.1636363636363636,Q4 (25+),Medium (3.5-4.5)
506,6803077179d24889430188e03fafd31a,electronics,-0.6726784,35,4.285714285714286,0.0571428571428571,Q4 (25+),Medium (3.5-4.5)
507,68a058d125ba1544e726898f0b8c0523,office_furniture,-1.2631009,19,3.6842105263157894,0.1578947368421052,Q3 (13-24),Medium (3.5-4.5)
508,68bf2e76db1d8e846042e54da87399ca,bed_bath_table,-0.4251251,23,4.217391304347826,0.0869565217391304,Q3 (13-24),Medium (3.5-4.5)
509,68bf40b3abd5ffc25981c25df9ed9087,stationery,-0.015633876,15,4.466666666666667,0.0666666666666666,Q3 (13-24),Medium (3.5-4.5)
511,69455f41626a745aea9ee9164cb9eafd,watches_gifts,-0.9672061,8,4.5,0.0,Q2 (7-12),Medium (3.5-4.5)
512,694e58e56c74114ee0628c25f3f26f8c,sports_leisure,-0.014848547,8,3.875,0.0,Q2 (7-12),Medium (3.5-4.5)
514,698b3ddae2f0b80c2a48fb40624ca4e4,furniture_decor,-3.4272366,4,4.5,0.0,Q1 (0-6),Medium (3.5-4.5)
517,6a1c65dbbecc1ece8c22856122a774ac,furniture_decor,-0.2387693,6,4.166666666666667,0.1666666666666666,Q1 (0-6),Medium (3.5-4.5)
518,6a23ae3187f1dac41b7210a8c7739d6b,furniture_decor,-0.6199741,5,4.4,0.0,Q1 (0-6),Medium (3.5-4.5)
521,6a8631b72a2f8729b91514db87e771c0,electronics,-3.2782567,50,4.68,0.02,Q4 (25+),High (>4.5)
522,6ab6d9589ae19abcee458918d4779fae,electronics,-0.26643035,13,3.6153846153846154,0.2307692307692307,Q3 (13-24),Medium (3.5-4.5)
524,6ae3f85f46a37844372252496c77b4d8,telephony,-1.980485,5,5.0,0.0,Q1 (0-6),High (>4.5)
525,6bbe55cf8f85c87b6eebb775a53402f4,tablets_printing_image,-0.76700526,26,4.3076923076923075,0.0769230769230769,Q4 (25+),Medium (3.5-4.5)
526,6bd248f93425ceeb625a8a97e2404112,stationery,-0.047236122,15,4.4,0.0666666666666666,Q3 (13-24),Medium (3.5-4.5)
528,6c712952b8ef62f8d06a0314917400c8,health_beauty,-1.3684223,10,4.7,0.0,Q2 (7-12),High (>4.5)
529,6c81db10f914c4d032b14fa93aa0a818,fashion_bags_accessories,-0.32434112,13,4.615384615384615,0.0769230769230769,Q3 (13-24),High (>4.5)
530,6c8b2975a4a05d1f36948b20753b29ca,garden_tools,-0.013146999,0,0.0,0.0,Q1 (0-6),No rating
531,6cc44821f36f3156c782da72dd634e47,bed_bath_table,-2.8809962,30,4.1,0.0666666666666666,Q4 (25+),Medium (3.5-4.5)
532,6cdd53843498f92890544667809f1595,health_beauty,-2.9307919,113,4.371681415929204,0.0973451327433628,Q4 (25+),Medium (3.5-4.5)
534,6d3d8ade6b793a08b041b6bc653c08ca,furniture_decor,-5.708241,9,3.3333333333333335,0.2222222222222222,Q2 (7-12),Low (<3.5)
536,6e0b3bc6a8bcfcca9005f9d220fe4af8,furniture_decor,-2.6013608,5,3.6,0.4,Q1 (0-6),Medium (3.5-4.5)
538,6e77b89d36e50217e6793780a8ce5c82,telephony,-0.0028722703,9,3.3333333333333335,0.2222222222222222,Q2 (7-12),Low (<3.5)
542,6f33a4a09ae1180a0ee1ff4682b2d21f,toys,-0.016840957,16,4.6875,0.0,Q3 (13-24),High (>4.5)
543,6f3b5b605d91b7439c5e3f5a8dffeea7,watches_gifts,-2.1845253,71,4.211267605633803,0.1126760563380281,Q4 (25+),Medium (3.5-4.5)
544,6fd08d44046ab994b96ff38ad6fcfba1,baby,-0.767936,6,5.0,0.0,Q1 (0-6),High (>4.5)
545,6fd82d8f842424334fedf31190e54d24,watches_gifts,-0.3854514,5,4.2,0.2,Q1 (0-6),Medium (3.5-4.5)
546,70120d2f9b9193aa0030342072d8adec,telephony,-0.22201559,3,2.3333333333333335,0.6666666666666666,Q1 (0-6),Low (<3.5)
547,704ef63ad0ac345842ea734060a83db2,bed_bath_table,-2.1836817,39,3.1794871794871793,0.3846153846153846,Q4 (25+),Low (<3.5)
549,7088744b00831b410bd17716cb578f39,computers_accessories,-0.60612905,8,5.0,0.0,Q2 (7-12),High (>4.5)
550,70906e04da1eebf3d1b8791bd09ffe85,computers_accessories,-1.3346822,6,4.833333333333333,0.0,Q1 (0-6),High (>4.5)
552,719d571299707561c34ba04ab867b32a,health_beauty,-1.2984116,29,4.689655172413793,0.0344827586206896,Q4 (25+),High (>4.5)
553,71a5f1c2a5fd9889ef26b5ac22aec9c6,furniture_decor,-1.6641134,16,4.375,0.0625,Q3 (13-24),Medium (3.5-4.5)
554,71a7800a633691de8ecdd17463335e2e,costruction_tools_garden,-0.086618945,16,4.25,0.0,Q3 (13-24),Medium (3.5-4.5)
559,727a46f0b58a9ef165af9f7ebcfebfa9,sports_leisure,-0.49472857,21,3.5238095238095237,0.1904761904761904,Q3 (13-24),Medium (3.5-4.5)
561,72a30483855e2eafc67aee5dc2560482,sports_leisure,-0.4168646,11,4.7272727272727275,0.0,Q2 (7-12),High (>4.5)
563,72d3bf1d3a790f8874096fcf860e3eff,toys,-0.42114028,29,4.137931034482759,0.1379310344827586,Q4 (25+),Medium (3.5-4.5)
564,7340a3839a1de1e99d149b8cf052a2ec,bed_bath_table,-0.16982025,34,4.323529411764706,0.088235294117647,Q4 (25+),Medium (3.5-4.5)
565,738da8ddda2e593acfdc53c2d1520dfa,musical_instruments,-0.00041447952,15,3.8666666666666663,0.2,Q3 (13-24),Medium (3.5-4.5)
566,73bc42701d50d3c0673b38ea8fbe2e32,office_furniture,-0.9689222,9,3.7777777777777777,0.0,Q2 (7-12),Medium (3.5-4.5)
567,73bcea88583002fe12b7399af4ae60da,watches_gifts,-0.23812939,16,4.5,0.0625,Q3 (13-24),Medium (3.5-4.5)
569,750dcfda0a9788bba89c94bb82a322db,housewares,-2.5659337,13,4.230769230769231,0.0769230769230769,Q3 (13-24),Medium (3.5-4.5)
571,759c85bda80286f647f1f71b847c6457,housewares,-0.44976118,5,3.0,0.6,Q1 (0-6),Low (<3.5)
574,7612afaa8218e79b3011243ed9edea9c,sports_leisure,-0.2251569,8,3.0,0.5,Q2 (7-12),Low (<3.5)
575,7614c62b86a81021243e438cfde78ccc,health_beauty,-0.0978608,7,4.571428571428571,0.0,Q2 (7-12),High (>4.5)
577,764292b2b0f73f77a0272be03fdd45f3,furniture_decor,-3.0591207,54,4.203703703703703,0.1296296296296296,Q4 (25+),Medium (3.5-4.5)
579,76d1a1a9d21ab677a61c3ae34b1b352f,,-0.01912423,21,3.8095238095238098,0.238095238095238,Q3 (13-24),Medium (3.5-4.5)
582,777d2e438a1b645f3aec9bd57e92672c,bed_bath_table,-1.3157179,79,4.0886075949367084,0.1139240506329113,Q4 (25+),Medium (3.5-4.5)
583,78119fbfa709d07b86f5ccf15043c6d6,cool_stuff,-1.106384,12,4.333333333333333,0.1666666666666666,Q2 (7-12),Medium (3.5-4.5)
584,7814c273ab16783d73a9863ebfa8b141,furniture_decor,-3.0000753,38,3.8421052631578942,0.2368421052631578,Q4 (25+),Medium (3.5-4.5)
585,781afe929e3016a667f5f439afd55fce,sports_leisure,-2.8179371,30,3.966666666666667,0.2,Q4 (25+),Medium (3.5-4.5)
586,783caabd539c4079ec08423e30719fba,construction_tools_lights,-0.4448456,4,3.0,0.0,Q1 (0-6),Low (<3.5)
588,78efe838c04bbc568be034082200ac20,furniture_decor,-3.858237,57,4.280701754385965,0.1228070175438596,Q4 (25+),Medium (3.5-4.5)
589,7935ddc510afb7d08989660b382b7f26,stationery,-0.007802395,16,4.25,0.125,Q3 (13-24),Medium (3.5-4.5)
592,79da264732f717f10ebf5d102aa6c32a,telephony,-0.17364511,13,4.461538461538462,0.0,Q3 (13-24),Medium (3.5-4.5)
594,7a3bc1b5f3ad201ecd5d03d51d34bedd,health_beauty,-0.35697594,5,4.2,0.2,Q1 (0-6),Medium (3.5-4.5)
595,7a7be236d8368315680071df4209dd4e,furniture_decor,-2.9526067,15,4.266666666666667,0.0,Q3 (13-24),Medium (3.5-4.5)
598,7ac5f520abfc0589418bc7c76cea7a7c,bed_bath_table,-0.037957598,1,5.0,0.0,Q1 (0-6),High (>4.5)
599,7ae8d9b8eca8a6daf066e53ddc7034d3,electronics,-0.33699366,1,5.0,0.0,Q1 (0-6),High (>4.5)
602,7b35ccd93a2184646c03b70326626923,sports_leisure,-0.21523848,22,2.6818181818181817,0.5454545454545454,Q3 (13-24),Low (<3.5)
603,7b44e5ea770ef06810f5df89006cc8b2,electronics,-1.0363442,8,4.375,0.0,Q2 (7-12),Medium (3.5-4.5)
607,7bcf2266b78ccc737b8f26f925d3c5d4,perfumery,-1.3984684,13,4.3076923076923075,0.0769230769230769,Q3 (13-24),Medium (3.5-4.5)
608,7bf115809ab249f1bf0fa92d72e0baf8,computers_accessories,-0.8355907,0,0.0,0.0,Q1 (0-6),No rating
609,7c1bd920dbdf22470b68bde975dd3ccf,health_beauty,-1.5960807,213,3.929577464788733,0.1784037558685446,Q4 (25+),Medium (3.5-4.5)
611,7c4a8bec217df1de0df2b5aaf8175b65,audio,-1.6861026,25,3.04,0.4,Q4 (25+),Low (<3.5)
612,7c898e0b8ea203dd94ba846627fc34d1,office_furniture,-0.22480787,6,4.0,0.1666666666666666,Q1 (0-6),Medium (3.5-4.5)
613,7ca5f56188492e30c50ba64de188aae7,bed_bath_table,-0.008813144,7,4.428571428571429,0.0,Q2 (7-12),Medium (3.5-4.5)
617,7dd3fec3502f7ef333da2a73e00db394,perfumery,-2.0060227,10,3.9,0.1,Q2 (7-12),Medium (3.5-4.5)
619,7e6c4a0bf900e259f50ba63331fd2785,watches_gifts,-0.06669484,17,4.529411764705882,0.0,Q3 (13-24),High (>4.5)
622,7f72a8900b3d2fc8fa2635b7836d6e6e,toys,-0.33731362,15,3.8,0.1333333333333333,Q3 (13-24),Medium (3.5-4.5)
623,7fab1a1472fdd934397068931f63f3ca,toys,-0.005497307,48,4.0,0.1458333333333333,Q4 (25+),Medium (3.5-4.5)
624,7fb04722aba7a2b632bac8f9819796f3,health_beauty,-0.73986775,67,4.164179104477612,0.1343283582089552,Q4 (25+),Medium (3.5-4.5)
625,7fe486a60125c1541517e30944f95066,home_appliances_2,-0.0017888063,0,0.0,0.0,Q1 (0-6),No rating
626,803f77475e1b51b47f1bfec4f2ec353f,auto,-0.051468175,13,4.076923076923077,0.0769230769230769,Q3 (13-24),Medium (3.5-4.5)
627,80df62ce491a20d390c9f69402310f0a,computers_accessories,-0.0048937667,1,3.0,0.0,Q1 (0-6),Low (<3.5)
629,817e1c2d22418c36386406ccacfa53e8,furniture_decor,-1.4439594,25,4.08,0.16,Q4 (25+),Medium (3.5-4.5)
630,81b6c7c058add831803fcbba6dcc1df2,bed_bath_table,-0.2213466,6,3.6666666666666665,0.1666666666666666,Q1 (0-6),Medium (3.5-4.5)
631,81d879a43537a2803762ce12282ccbc9,small_appliances,-0.0109800715,7,4.571428571428571,0.0,Q2 (7-12),High (>4.5)
633,827c4a77226a3e7ef259d61eaa775df9,furniture_decor,-3.2848883,16,3.5625,0.3125,Q3 (13-24),Medium (3.5-4.5)
634,82a61259a621866c4ba63743da29a342,sports_leisure,-0.051322743,10,4.7,0.0,Q2 (7-12),High (>4.5)
636,82c3ea364e5480f335f6743ee725a921,computers_accessories,-0.37908152,8,3.25,0.375,Q2 (7-12),Low (<3.5)
637,82e4ad16521ca131d95e198d507db370,electronics,-3.148532,28,3.857142857142857,0.1785714285714285,Q4 (25+),Medium (3.5-4.5)
638,830345ab5d2e365c7c6b91459119ea2d,health_beauty,-0.1594219,3,4.333333333333333,0.0,Q1 (0-6),Medium (3.5-4.5)
639,8317b177579dd27ff068b83205e2169b,cool_stuff,-2.6413252,33,4.424242424242424,0.0909090909090909,Q4 (25+),Medium (3.5-4.5)
642,83b00325c13c44245b2c3a2befa62a0e,baby,-1.3341005,29,3.3448275862068964,0.3448275862068966,Q4 (25+),Low (<3.5)
643,83b92639fffd1d55c9e04c77c86d8d2c,computers_accessories,-0.36270595,12,3.8333333333333335,0.1666666666666666,Q2 (7-12),Medium (3.5-4.5)
646,83e68070fbf16ac859fc13285a5ba9ba,telephony,-0.26235825,8,2.625,0.5,Q2 (7-12),Low (<3.5)
650,84d2057bc1f88332d0892eea0e997d28,telephony,-0.028926307,8,4.25,0.125,Q2 (7-12),Medium (3.5-4.5)
651,84f456958365164420cfc80fbe4c7fab,bed_bath_table,-0.40674257,74,3.364864864864865,0.2432432432432432,Q4 (25+),Low (<3.5)
652,84f5c4f480ad6c9998d6a6860f1a2e41,food_drink,-2.5809422,14,4.357142857142857,0.0,Q3 (13-24),Medium (3.5-4.5)
653,86133a2151bd98a3ed2ad758709e6d1b,cool_stuff,-0.028010089,8,4.25,0.0,Q2 (7-12),Medium (3.5-4.5)
655,86ecc269de40ba13205e7beeee12f26f,telephony,-0.011387279,0,0.0,0.0,Q1 (0-6),No rating
656,86f2416d4670e4ea3ca5494d043d9f24,office_furniture,-3.3232822,10,3.8,0.1,Q2 (7-12),Medium (3.5-4.5)
657,870bcc6c58e03ca658cfdd13db4bbe28,computers_accessories,-2.3150935,14,5.0,0.0,Q3 (13-24),High (>4.5)
658,87aff1d9a5e94db6840c5b963a5cef90,sports_leisure,-0.23015974,0,0.0,0.0,Q1 (0-6),No rating
659,87d780fa7d2cf3710aa02dc4ca8db985,bed_bath_table,-0.778378,23,3.782608695652174,0.217391304347826,Q3 (13-24),Medium (3.5-4.5)
663,88e84a987b4681434dedc0bc9e00826b,industry_commerce_and_business,-0.008187789,6,2.3333333333333335,0.5,Q1 (0-6),Low (<3.5)
664,89321f94e35fc6d7903d36f74e351d40,food,-1.3228732,62,4.0,0.1290322580645161,Q4 (25+),Medium (3.5-4.5)
665,89427567da9c9b075c9dca131535104d,toys,-0.3235558,3,4.333333333333333,0.0,Q1 (0-6),Medium (3.5-4.5)
666,8a443635fdf9759915c9be5be2e3b862,bed_bath_table,-0.48926035,23,4.260869565217392,0.1304347826086956,Q3 (13-24),Medium (3.5-4.5)
667,8aa6223e400af9c97b07c75993142721,baby,-1.3263345,41,4.097560975609756,0.0975609756097561,Q4 (25+),Medium (3.5-4.5)
669,8c292ca193d326152e335d77176746f0,health_beauty,-3.145565,75,4.08,0.12,Q4 (25+),Medium (3.5-4.5)
670,8c38d21062ec6ee492c3500d01150b7a,electronics,-0.0767587,8,3.25,0.5,Q2 (7-12),Low (<3.5)
672,8c591ab0ca519558779df02023177f44,garden_tools,-1.7164687,112,4.151785714285714,0.1160714285714285,Q4 (25+),Medium (3.5-4.5)
673,8d139b1550c8cc91a3babc9cfe9fc147,telephony,-0.021262072,6,4.0,0.1666666666666666,Q1 (0-6),Medium (3.5-4.5)
675,8d7d29e5fb9ff5333009326c87fc04e9,office_furniture,-0.06448428,8,4.0,0.125,Q2 (7-12),Medium (3.5-4.5)
677,8ed094bfe076c568f6bb10feada3f75d,office_furniture,-8.095352,43,3.0,0.3720930232558139,Q4 (25+),Low (<3.5)
678,8f3a1c2358138bedfb98645db449110c,watches_gifts,-0.003977549,5,5.0,0.0,Q1 (0-6),High (>4.5)
682,9048cbd294fe0c1a3ec8c8248bc2cadd,musical_instruments,-0.0004726521,9,4.333333333333333,0.1111111111111111,Q2 (7-12),Medium (3.5-4.5)
683,906b11f3bc3c98f883afa0eb67b0fac7,sports_leisure,-0.025363239,8,3.5,0.375,Q2 (7-12),Medium (3.5-4.5)
684,909b87db6cb3a7ab26bd03cc59860136,computers_accessories,-1.9661163,27,3.592592592592593,0.2222222222222222,Q4 (25+),Medium (3.5-4.5)
685,90aa2ab699cd0e459be93124aa91c82f,bed_bath_table,-1.4905847,8,4.625,0.0,Q2 (7-12),High (>4.5)
687,90b86c830114ddc888f6380a223ee285,bed_bath_table,-0.04042993,5,4.6,0.0,Q1 (0-6),High (>4.5)
690,914c9e9af640dd56f48764a225b00f89,office_furniture,-1.2237762,16,3.3125,0.25,Q3 (13-24),Low (<3.5)
691,9163c7e81fd68452472912c4cde810aa,musical_instruments,-0.022207376,9,3.6666666666666665,0.2222222222222222,Q2 (7-12),Medium (3.5-4.5)
692,91b08d34d0ba4db44da2dc382867ba49,telephony,-1.3357294,22,4.2272727272727275,0.0454545454545454,Q3 (13-24),Medium (3.5-4.5)
693,920840f7899b13c467d223950c89e9e9,baby,-0.11649056,5,3.8,0.2,Q1 (0-6),Medium (3.5-4.5)
694,921d31a1daa51460b7a95ea5f3ab64d5,health_beauty,-7.9325852,36,4.416666666666667,0.0833333333333333,Q4 (25+),Medium (3.5-4.5)
695,92503fc18ca14a8f32c182ce3f1b9f05,stationery,-0.14730747,2,5.0,0.0,Q1 (0-6),High (>4.5)
696,937c825572d26b9e5a723527c6d625c6,bed_bath_table,-0.036503285,0,0.0,0.0,Q1 (0-6),No rating
698,93a12c289ca2b78e7069e469f5053ef2,computers_accessories,-1.5622532,20,3.95,0.2,Q3 (13-24),Medium (3.5-4.5)
700,93c902b021a9e594f658ab1b0351602a,electronics,-0.1149199,49,3.693877551020408,0.2448979591836734,Q4 (25+),Medium (3.5-4.5)
702,94475071013412139f862c0bd7e3bb37,stationery,-0.047177948,23,4.304347826086956,0.0434782608695652,Q3 (13-24),Medium (3.5-4.5)
706,9545d45c37449ccbc376de3a04c66e71,health_beauty,-0.3720717,47,4.25531914893617,0.1063829787234042,Q4 (25+),Medium (3.5-4.5)
707,9565229244e9341fb8c8069879cf73cd,bed_bath_table,-0.82706845,9,4.666666666666667,0.0,Q2 (7-12),High (>4.5)
708,95c40b993a22463c83beb5c51a03d46c,computers_accessories,-0.21523848,15,4.066666666666666,0.1333333333333333,Q3 (13-24),Medium (3.5-4.5)
709,95ec3f7e237a87df9935a570ab6ef266,bed_bath_table,-0.12966664,11,5.0,0.0,Q2 (7-12),High (>4.5)
710,97017430754804328eb9597b7f85da03,telephony,-0.0733556,49,3.979591836734694,0.2040816326530612,Q4 (25+),Medium (3.5-4.5)
712,97b3b8e8ed22d0ceb3b3c520e806a334,electronics,-1.6328747,16,3.75,0.1875,Q3 (13-24),Medium (3.5-4.5)
713,98190f6a2c3253d07ca86525bb238162,electronics,-0.10027496,15,4.666666666666667,0.0,Q3 (13-24),High (>4.5)
715,98a8c2fa16d7239c606640f5555768e4,garden_tools,-0.08158702,23,4.086956521739131,0.217391304347826,Q3 (13-24),Medium (3.5-4.5)
716,98b22c1129886cbd7fcae69d1c93e442,bed_bath_table,-0.81744087,18,4.5,0.1111111111111111,Q3 (13-24),Medium (3.5-4.5)
720,995e25d9b46dee183004994645768d95,sports_leisure,-0.6388511,5,4.0,0.0,Q1 (0-6),Medium (3.5-4.5)
721,99a4788cb24856965c36a24e339b6058,bed_bath_table,-0.26730293,413,3.8595641646489103,0.1767554479418886,Q4 (25+),Medium (3.5-4.5)
724,99f5b2240b82bf9387e5cf2fc0335b08,computers_accessories,-0.44682345,19,3.8421052631578942,0.2105263157894736,Q3 (13-24),Medium (3.5-4.5)
725,9a0620ddaf3055b7e588e936e036a529,bed_bath_table,-0.9539428,9,2.7777777777777777,0.3333333333333333,Q2 (7-12),Low (<3.5)
728,9a63d4ef456702710823c21b8cca0332,auto,-0.37954688,6,3.8333333333333335,0.1666666666666666,Q1 (0-6),Medium (3.5-4.5)
732,9ad75bd7267e5c724cb42c71ac56ca72,bed_bath_table,-0.6639816,37,2.891891891891892,0.4594594594594595,Q4 (25+),Low (<3.5)
733,9ae64e1163bf254bad20d5155cffb99d,stationery,-0.1138728,5,4.6,0.0,Q1 (0-6),High (>4.5)
734,9af7b4a3262141c12ba9bd489a8573c7,market_place,-0.1112114,0,0.0,0.0,Q1 (0-6),No rating
736,9b125b82780e1bbb7716c906ff46f89b,pet_shop,-0.010660122,8,4.0,0.125,Q2 (7-12),Medium (3.5-4.5)
737,9b2db9ec16a8a51549f32462bf973523,toys,-2.483445,5,4.0,0.2,Q1 (0-6),Medium (3.5-4.5)
738,9b37a918bcf2c8e1064e867cf1df4637,electronics,-0.09751176,4,3.5,0.5,Q1 (0-6),Medium (3.5-4.5)
739,9b968712a8768d8e23318f73476af1a3,baby,-0.07210489,6,4.5,0.0,Q1 (0-6),Medium (3.5-4.5)
741,9bb2d066e4b33b624cbdfec7d50b3dcb,pet_shop,-0.14092304,10,4.4,0.0,Q2 (7-12),Medium (3.5-4.5)
743,9bfc55df037ce3ac01bfd84781adf7e5,audio,-1.0332029,10,4.7,0.0,Q2 (7-12),High (>4.5)
744,9c422a519119dcad7575db5af1ba540e,computers_accessories,-5.13146,10,4.7,0.0,Q2 (7-12),High (>4.5)
747,9da950e8c8c482441f1b93955b21c827,cool_stuff,-0.5243675,11,4.454545454545454,0.0909090909090909,Q2 (7-12),Medium (3.5-4.5)
748,9ddc4249779322828f89d2a9c04f7ee1,auto,-1.4137678,16,3.8125,0.25,Q3 (13-24),Medium (3.5-4.5)
749,9ddd762ee8a13576a809dc66f22aa2b5,bed_bath_table,-0.4819597,8,4.25,0.125,Q2 (7-12),Medium (3.5-4.5)
753,9ecadb84c81da840dbf3564378b586e9,furniture_decor,-8.213792,93,3.838709677419355,0.1935483870967742,Q4 (25+),Medium (3.5-4.5)
754,9ef3514cbcbf73d8b7d294036f99737f,housewares,-0.112156704,10,4.4,0.1,Q2 (7-12),Medium (3.5-4.5)
755,9f1c3e71d56894398a42b050b07f1baa,cool_stuff,-0.48664257,15,3.2666666666666666,0.3333333333333333,Q3 (13-24),Low (<3.5)
758,9fbfc0d1a475bb65f9c0e39bb927a99a,housewares,-0.6343718,10,3.9,0.1,Q2 (7-12),Medium (3.5-4.5)
760,a02d0123079f4ae96001ba2010d1a2df,construction_tools_lights,-0.84658533,30,3.933333333333333,0.1666666666666666,Q4 (25+),Medium (3.5-4.5)
761,a04087ab6a96ffa041f8a2701a72b616,computers,-2.258957,14,3.4285714285714284,0.2857142857142857,Q3 (13-24),Low (<3.5)
762,a0498bf8b8ff0c35a6b8c736a71526ab,housewares,-1.5473611,3,5.0,0.0,Q1 (0-6),High (>4.5)
764,a0fe1efb855f3e786f0650268cd77f44,agro_industry_and_commerce,-0.05666008,9,4.0,0.0,Q2 (7-12),Medium (3.5-4.5)
767,a19b6951c75da43aad691622dd2f6abe,furniture_decor,-5.733779,42,3.6904761904761902,0.1666666666666666,Q4 (25+),Medium (3.5-4.5)
768,a1bf559ac1eab015ba992bd76d9d76c7,computers_accessories,-0.010820096,4,3.75,0.0,Q1 (0-6),Medium (3.5-4.5)
770,a1f7dace2a9af48dd48428c12001dc09,home_appliances,-0.007482446,6,3.6666666666666665,0.1666666666666666,Q1 (0-6),Medium (3.5-4.5)
771,a2105c8c0d5d99dbc5a2a9ad94321e5c,sports_leisure,-0.41607925,11,4.181818181818182,0.1818181818181818,Q2 (7-12),Medium (3.5-4.5)
773,a2a61ecd4e916c3ff787c137d23957bb,housewares,-0.4825705,8,4.0,0.125,Q2 (7-12),Medium (3.5-4.5)
774,a35a9f46dcee0a67c8c7ad8493eb4135,computers_accessories,-1.2555966,36,4.055555555555555,0.0833333333333333,Q4 (25+),Medium (3.5-4.5)
776,a42d9c825894f96fc6ed02610891454d,sports_leisure,-0.8856773,20,3.9,0.2,Q3 (13-24),Medium (3.5-4.5)
777,a4aa7c1427c31344e5f7cc3d839fe562,pet_shop,-0.013656009,38,4.421052631578948,0.0789473684210526,Q4 (25+),Medium (3.5-4.5)
781,a5341e3f8155dbb3e62323d3ea289729,furniture_decor,-1.1526893,34,4.323529411764706,0.088235294117647,Q4 (25+),Medium (3.5-4.5)
782,a54244559e62c8ef2939e52189d65d4c,food_drink,-0.98538506,5,4.0,0.0,Q1 (0-6),Medium (3.5-4.5)
783,a5647c44af977b148e0a3a4751a09e2e,office_furniture,-0.6147386,16,3.75,0.1875,Q3 (13-24),Medium (3.5-4.5)
784,a59fb60fddcc72a9878b7ed5cb69d8e4,audio,-0.84466565,19,3.263157894736842,0.3684210526315789,Q3 (13-24),Low (<3.5)
785,a5ae8400fc9fcacd4af585a57bbf264a,pet_shop,-0.009271252,15,4.6,0.0,Q3 (13-24),High (>4.5)
786,a5e28e21acf7c99188ad33f688f18837,computers_accessories,-0.08090349,8,4.25,0.0,Q2 (7-12),Medium (3.5-4.5)
787,a5e74dc2d01e8b9df1590c7160358273,housewares,-0.20854864,4,4.0,0.25,Q1 (0-6),Medium (3.5-4.5)
789,a62e25e09e05e6faf31d90c6ec1aa3d1,watches_gifts,-0.045083735,156,3.756410256410256,0.2115384615384615,Q4 (25+),Medium (3.5-4.5)
790,a630323d497e2acc89574e8b792c6936,computers_accessories,-0.19115505,0,0.0,0.0,Q1 (0-6),No rating
791,a659cb33082b851fb87a33af8f0fff29,auto,-1.1719736,13,4.153846153846154,0.0,Q3 (13-24),Medium (3.5-4.5)
793,a6ad77b15e566298a4e8ee2011ab1255,furniture_decor,-1.3502433,20,4.45,0.1,Q3 (13-24),Medium (3.5-4.5)
797,a8075470f960215ffb67624782f80fec,garden_tools,-0.4618029,14,4.214285714285714,0.0714285714285714,Q3 (13-24),Medium (3.5-4.5)
798,a8115d34a4b7b74388da609692162c37,computers_accessories,-1.2451255,18,3.7777777777777777,0.2222222222222222,Q3 (13-24),Medium (3.5-4.5)
799,a84d0660dbffebf352aefbf1a6b18d00,watches_gifts,-0.01977867,12,3.8333333333333335,0.25,Q2 (7-12),Medium (3.5-4.5)
800,a869ec6209c361ca46dad85a5530e119,sports_leisure,-0.5656409,12,4.166666666666667,0.1666666666666666,Q2 (7-12),Medium (3.5-4.5)
801,a8b0dd2c57b49b649373ff5a495a697e,computers_accessories,-0.8029268,5,4.2,0.0,Q1 (0-6),Medium (3.5-4.5)
804,a92930c327948861c015c919a0bcb4a8,watches_gifts,-0.55313385,43,3.883720930232558,0.1395348837209302,Q4 (25+),Medium (3.5-4.5)
806,a9b36aaa68ebd315701524c822800f29,furniture_decor,-3.1231105,9,4.0,0.1111111111111111,Q2 (7-12),Medium (3.5-4.5)
809,aa36c2127048efdcd47f4ad5b6b68810,bed_bath_table,-0.04917036,7,3.857142857142857,0.2857142857142857,Q2 (7-12),Medium (3.5-4.5)
810,aa8d88eb4b9cb38894e33fa624c4287f,watches_gifts,-2.1414194,11,4.181818181818182,0.0909090909090909,Q2 (7-12),Medium (3.5-4.5)
811,ab1106e227a745836a0dc83b374e2575,food,-0.46549684,5,4.6,0.0,Q1 (0-6),High (>4.5)
812,ab1f9387c0627dd24000bfbc54fdeee0,electronics,-0.32870406,46,4.1521739130434785,0.1739130434782608,Q4 (25+),Medium (3.5-4.5)
815,abc3432ff825d8e524db1d4eac6d2099,telephony,-0.14570773,8,3.75,0.125,Q2 (7-12),Medium (3.5-4.5)
816,ac44def10e24998cdee20a208d691127,bed_bath_table,-1.061882,18,4.388888888888889,0.0555555555555555,Q3 (13-24),Medium (3.5-4.5)
820,aca2eb7d00ea1a7b8ebd4e68314663af,furniture_decor,-2.3285313,458,3.997816593886463,0.1419213973799126,Q4 (25+),Medium (3.5-4.5)
821,acc444eb5ad26f79d5a11baa6a03c439,furniture_decor,-2.0290298,19,2.9473684210526314,0.4210526315789473,Q3 (13-24),Low (<3.5)
822,acdd408fe971bbe29a81f8febb575ffc,electronics,-0.1564842,0,0.0,0.0,Q1 (0-6),No rating
825,ad2037645597db38527fe3afbe226af2,drinks,-3.3996627,10,5.0,0.0,Q2 (7-12),High (>4.5)
826,ad88641611c35ebd59ecda07a9f17099,,-0.2654996,17,3.941176470588235,0.2352941176470588,Q3 (13-24),Medium (3.5-4.5)
828,ae17f8265a23421715164ab420b62b36,housewares,-0.19807757,10,4.2,0.1,Q2 (7-12),Medium (3.5-4.5)
829,ae52eeb8383b94455f0a08b1f88ad002,computers_accessories,-2.4054356,21,3.8095238095238098,0.1904761904761904,Q3 (13-24),Medium (3.5-4.5)
834,af0a99476d96dcc1a1baa7c0d9ff6b9d,health_beauty,-0.054420434,2,4.5,0.0,Q1 (0-6),Medium (3.5-4.5)
837,afeeea6271148ee1bb15173b8187c431,telephony,-2.7215452,29,4.517241379310345,0.0344827586206896,Q4 (25+),High (>4.5)
838,b0961721fd839e9982420e807758a2a6,garden_tools,-0.30226463,104,4.1923076923076925,0.1346153846153846,Q4 (25+),Medium (3.5-4.5)
839,b09790edda54333116f9cf1decc580a1,bed_bath_table,-0.01282705,9,3.7777777777777777,0.2222222222222222,Q2 (7-12),Medium (3.5-4.5)
840,b0c8da302d49498d2ce6be8c631e4e20,computers_accessories,-0.19071876,5,4.4,0.0,Q1 (0-6),Medium (3.5-4.5)
841,b10eba910a974df70b8a12d0665cdb9e,bed_bath_table,-0.1698348,6,3.5,0.3333333333333333,Q1 (0-6),Medium (3.5-4.5)
842,b114bf337c0626166abe574eee9e3f32,office_furniture,-3.4792428,31,3.064516129032258,0.3870967741935484,Q4 (25+),Low (<3.5)
847,b2e22c958b453a43a650a579dcac2e43,watches_gifts,-0.05603472,10,4.6,0.1,Q2 (7-12),High (>4.5)
848,b2fd74298e16eef2568d2f9dff6042c8,housewares,-0.25238165,7,3.0,0.4285714285714285,Q2 (7-12),Low (<3.5)
849,b30d7b0adcdc4a117f455472548155ec,home_appliances,-0.011867203,7,4.714285714285714,0.0,Q2 (7-12),High (>4.5)
850,b38b25d838ae0b8385e8cc68b9017644,health_beauty,-0.35080963,15,4.0,0.0666666666666666,Q3 (13-24),Medium (3.5-4.5)
853,b47865eeb745bcbfca95513b46bd977d,office_furniture,-0.013539664,4,3.0,0.5,Q1 (0-6),Low (<3.5)
854,b4b817e5f2c4efc8253b4b679c653847,bed_bath_table,-1.4044311,13,2.769230769230769,0.4615384615384615,Q3 (13-24),Low (<3.5)
857,b532349fe46b38fbc7bb3914c1bdae07,furniture_decor,-6.3833337,119,3.3781512605042017,0.361344537815126,Q4 (25+),Low (<3.5)
858,b59b5899ecf4bcc294a72fdd48adaa94,telephony,-0.8405935,12,4.083333333333333,0.0833333333333333,Q2 (7-12),Medium (3.5-4.5)
859,b5e13c9a353102f79c6206ff5cb61a50,toys,-1.05717,88,2.909090909090909,0.4431818181818182,Q4 (25+),Low (<3.5)
860,b623b7cb05ee3248fbe4a6ecbeed79a4,toys,-8.476033,27,4.518518518518518,0.074074074074074,Q4 (25+),High (>4.5)
861,b6e352d888ba31d8999af279cd63aa24,housewares,-0.16515191,6,3.6666666666666665,0.1666666666666666,Q1 (0-6),Medium (3.5-4.5)
862,b73f6899a58fe7a37e55149e9a11c717,office_furniture,-0.6895194,5,3.0,0.4,Q1 (0-6),Low (<3.5)
863,b74d57e3377dd78aace6d070fc48cc88,bed_bath_table,-0.06999613,17,4.0,0.1764705882352941,Q3 (13-24),Medium (3.5-4.5)
864,b75a056d7d03227c3a3b60e9ccf518c9,auto,-0.1024128,0,0.0,0.0,Q1 (0-6),No rating
866,b7a89537c40b1f5a18b5ba75dbb91cbe,musical_instruments,-0.18562865,2,4.0,0.0,Q1 (0-6),Medium (3.5-4.5)
869,b813c88d024da60c2cbdf7a531e4fa77,perfumery,-1.3080683,4,4.5,0.0,Q1 (0-6),Medium (3.5-4.5)
870,b83738ac1903f7c8f0ed378cb085909c,electronics,-0.2949349,7,3.7142857142857144,0.1428571428571428,Q2 (7-12),Medium (3.5-4.5)
871,b84c4c7f1845f068f40e350865b803fa,health_beauty,-0.041971505,0,0.0,0.0,Q1 (0-6),No rating
872,b8762d562d810c2f8d7ad7e9c12957be,housewares,-2.4637244,15,4.666666666666667,0.0,Q3 (13-24),High (>4.5)
873,b8a0d73b2a06e7910d9864dccdb0cda2,health_beauty,-2.3285604,23,3.869565217391304,0.217391304347826,Q3 (13-24),Medium (3.5-4.5)
874,b8b426747049f2d3d6e00b486d47dedb,health_beauty,-0.18231282,24,4.625,0.0416666666666666,Q3 (13-24),High (>4.5)
875,b92a7304ebad1ca5b393b53b2de5c70a,office_furniture,-3.9941282,19,4.0,0.2105263157894736,Q3 (13-24),Medium (3.5-4.5)
877,b944aabf1fc45c01599ee96c7f4d533e,electronics,-1.8832495,8,3.875,0.125,Q2 (7-12),Medium (3.5-4.5)
879,b9ac7314894a193a11fd3150f8c69307,health_beauty,-1.1209271,0,0.0,0.0,Q1 (0-6),No rating
882,ba4a91633739ceceb2b73b627e2cfbc3,office_furniture,-0.70743656,13,3.692307692307693,0.3076923076923077,Q3 (13-24),Medium (3.5-4.5)
883,ba5fb4ab9cd70d201b74b5bad9d4ca00,telephony,-0.14031222,7,3.7142857142857144,0.2857142857142857,Q2 (7-12),Medium (3.5-4.5)
884,ba74c6b75d2ad7503175809688d5a03c,watches_gifts,-0.597345,18,4.055555555555555,0.1666666666666666,Q3 (13-24),Medium (3.5-4.5)
885,ba80c9f47a84d1e08465f72e22930c83,pet_shop,-1.7014602,12,3.8333333333333335,0.1666666666666666,Q2 (7-12),Medium (3.5-4.5)
886,ba9943916136c9959e24f71bdae28faa,computers_accessories,-0.18964256,16,4.5,0.0625,Q3 (13-24),Medium (3.5-4.5)
888,bace90a7338e9d31371ad47811cf4c7d,bed_bath_table,-0.15674597,3,3.6666666666666665,0.0,Q1 (0-6),Medium (3.5-4.5)
889,bb50f2e236e5eea0100680137654686c,health_beauty,-0.20878133,124,4.169354838709677,0.1129032258064516,Q4 (25+),Medium (3.5-4.5)
896,bce474cc95b6e77657e10939b0b4248c,watches_gifts,-0.8455964,16,3.875,0.1875,Q3 (13-24),Medium (3.5-4.5)
897,bd07b66896d6f1494f5b86251848ced7,office_furniture,-0.2330102,0,0.0,0.0,Q1 (0-6),No rating
898,bd6e8cf9fe4122c385da2bcb9f979d5d,telephony,-0.0109800715,3,5.0,0.0,Q1 (0-6),High (>4.5)
899,bdc3291ab242ec1effc8eb0987850268,electronics,-0.8658695,29,4.413793103448276,0.0689655172413793,Q4 (25+),Medium (3.5-4.5)
900,be0dbdc3d67d55727a65d4cd696ca73c,computers_accessories,-0.006398982,0,0.0,0.0,Q1 (0-6),No rating
902,be837f2e0152a208d4386f4126d5bd7c,home_appliances,-0.0074533597,32,4.375,0.0625,Q4 (25+),Medium (3.5-4.5)
905,bf16de726d9f702aee68610fe171d70e,consoles_games,-2.2994452,7,4.714285714285714,0.0,Q2 (7-12),High (>4.5)
906,bfc0d01be79d9038c7720f983bf954e0,watches_gifts,-0.0025450496,10,4.0,0.2,Q2 (7-12),Medium (3.5-4.5)
907,c0350d6ac413eda4641bf92ab687f1b5,fashion_bags_accessories,-0.06694208,4,4.25,0.0,Q1 (0-6),Medium (3.5-4.5)
908,c045b19fdb30a3035c56d04c6fe2e622,bed_bath_table,-0.032722067,5,4.6,0.0,Q1 (0-6),High (>4.5)
909,c0704b7b41d23540e8576c5e84484dcb,health_beauty,-0.4323385,11,4.090909090909091,0.1818181818181818,Q2 (7-12),Medium (3.5-4.5)
910,c075b8e131353552218860f1c421e4ef,kitchen_dining_laundry_garden_furniture,-0.06829459,13,4.6923076923076925,0.0,Q3 (13-24),High (>4.5)
913,c1617123e66d2491ca93ceadfd36203e,bed_bath_table,-0.6419924,8,4.75,0.0,Q2 (7-12),High (>4.5)
915,c1ad8ac66c91ad301cefc322ba2adf31,watches_gifts,-0.7607808,1,5.0,0.0,Q1 (0-6),High (>4.5)
916,c1f5307decb89342351bec53668cffd9,telephony,-0.823549,39,3.5641025641025643,0.2307692307692307,Q4 (25+),Medium (3.5-4.5)
917,c20a3f598c16d77249da67e81caa8317,housewares,-0.32160702,11,4.181818181818182,0.0909090909090909,Q2 (7-12),Medium (3.5-4.5)
921,c2ece64199af7a53793ed9612a89a8cd,furniture_decor,-0.28510374,35,4.285714285714286,0.0571428571428571,Q4 (25+),Medium (3.5-4.5)
922,c2fb73db15e28aa021dcf7b2856fef27,baby,-0.4899584,8,2.625,0.5,Q2 (7-12),Low (<3.5)
923,c3097e07a0a5de0d4b4c836d90c5a284,electronics,-1.9311255,27,4.074074074074074,0.1111111111111111,Q4 (25+),Medium (3.5-4.5)
924,c319f453652bff80bc8f9f71d87e56c1,baby,-1.126599,5,4.6,0.0,Q1 (0-6),High (>4.5)
927,c3ba4e8d3cb30049213b682e751e9d00,watches_gifts,-0.19076239,30,3.8,0.1666666666666666,Q4 (25+),Medium (3.5-4.5)
928,c403e106353e1aa40efe783ecb39ed7a,bed_bath_table,-1.2692672,29,3.413793103448276,0.3103448275862069,Q4 (25+),Low (<3.5)
932,c4baedd846ed09b85f78a781b522f126,garden_tools,-1.7985793,128,4.2109375,0.1171875,Q4 (25+),Medium (3.5-4.5)
934,c56400aa5823575d5a92a8f98077490a,office_furniture,-0.07047606,0,0.0,0.0,Q1 (0-6),No rating
937,c5d8b84a90f73bd09c30e71e76caaa11,market_place,-0.0073224716,10,3.4,0.3,Q2 (7-12),Low (<3.5)
938,c6336fa91fbd87c359e44f5dca5a90ed,sports_leisure,-1.0505092,70,4.2,0.1428571428571428,Q4 (25+),Medium (3.5-4.5)
940,c695342500b74ff952db47b541726de1,health_beauty,-0.86278635,3,5.0,0.0,Q1 (0-6),High (>4.5)
943,c6e3c9a59b663e36a8b95b2dde81fa33,sports_leisure,-0.040080898,0,0.0,0.0,Q1 (0-6),No rating
946,c72edc98e7d77f0c4c04ec80730c05f5,sports_leisure,-0.10162747,23,4.434782608695652,0.0869565217391304,Q3 (13-24),Medium (3.5-4.5)
948,c777b9591e90c49e0745efb1051789ca,sports_leisure,-0.009263981,0,0.0,0.0,Q1 (0-6),No rating
949,c7b3b8509e06ae21abdd78b541215cda,perfumery,-0.53765994,5,5.0,0.0,Q1 (0-6),High (>4.5)
950,c7b3cf9de7be95b3e09e7a63315685eb,luggage_accessories,-1.0589733,30,4.533333333333333,0.0,Q4 (25+),High (>4.5)
951,c7fd13b5e515bffdab855d0812842edb,furniture_decor,-3.168485,44,4.0,0.1590909090909091,Q4 (25+),Medium (3.5-4.5)
954,c92f0e7b9d49a9543558d6532772441b,luggage_accessories,-0.2605549,34,4.117647058823529,0.1176470588235294,Q4 (25+),Medium (3.5-4.5)
956,c9c6fde711572c1ad99ca12728c6af00,telephony,-0.050784647,61,4.163934426229508,0.1147540983606557,Q4 (25+),Medium (3.5-4.5)
957,c9dbe2eec19a8093cb5ac57486531c18,bed_bath_table,-0.16579181,12,3.4166666666666665,0.3333333333333333,Q2 (7-12),Low (<3.5)
959,ca5c923962558430573f83661dbe36d6,pet_shop,-0.0023050879,15,4.0,0.1333333333333333,Q3 (13-24),Medium (3.5-4.5)
960,cac52d956eff0cacf32f4b0f0f3aac5c,housewares,-0.18410163,0,0.0,0.0,Q1 (0-6),No rating
961,cac9e5692471a0700418aa3400b9b2b1,baby,-0.8880042,65,4.2,0.0923076923076923,Q4 (25+),Medium (3.5-4.5)
962,cad2db5e318d7283a234c517b2f28a42,bed_bath_table,-0.20872316,12,3.75,0.1666666666666666,Q2 (7-12),Medium (3.5-4.5)
964,caf540627b7914ab734c86495fdc95ee,furniture_decor,-0.9107497,14,3.928571428571429,0.0714285714285714,Q3 (13-24),Medium (3.5-4.5)
966,cb81df0e3ccece253557f2a07df4727e,sports_leisure,-0.6010971,24,4.25,0.0833333333333333,Q3 (13-24),Medium (3.5-4.5)
967,cbdb9bf611328898bd4b32a384506b3a,office_furniture,-0.022701843,15,4.333333333333333,0.0666666666666666,Q3 (13-24),Medium (3.5-4.5)
968,cc1cb33bcc814aeaa4631761a34bd23e,furniture_decor,-1.0470771,4,4.0,0.25,Q1 (0-6),Medium (3.5-4.5)
970,cc5447118c174dcc6456c84ccb29e6f7,perfumery,-2.9127584,21,4.333333333333333,0.0476190476190476,Q3 (13-24),Medium (3.5-4.5)
972,ccadfeab525a9eb1569983b66e5075c4,fashion_bags_accessories,-0.23734406,26,4.269230769230769,0.0769230769230769,Q4 (25+),Medium (3.5-4.5)
973,cd48f265a63e13b762601f5f794c5fca,drinks,-2.7246866,87,4.241379310344827,0.0804597701149425,Q4 (25+),Medium (3.5-4.5)
974,cdc4af478fef19f03f1d0353c00271cd,watches_gifts,-0.04995569,15,4.6,0.0666666666666666,Q3 (13-24),High (>4.5)
975,ce6f74096c84567f22728c84f3d6e7fc,bed_bath_table,-0.23699503,18,4.277777777777778,0.0555555555555555,Q3 (13-24),Medium (3.5-4.5)
976,ceb25e5f3be12c14a1c69bd9e9e0f67f,toys,-0.06263731,2,5.0,0.0,Q1 (0-6),High (>4.5)
977,cebff45f1d1558430be0e07ac0df6a68,auto,-0.0138887,3,3.3333333333333335,0.3333333333333333,Q1 (0-6),Low (<3.5)
978,cec09725da5ed01471d9a505e7389d37,sports_leisure,-0.88637537,52,3.9038461538461537,0.1538461538461538,Q4 (25+),Medium (3.5-4.5)
979,cef9d587c2c31442c9b95eef617db1f4,telephony,-4.5113406,2,3.0,0.5,Q1 (0-6),Low (<3.5)
981,cf5fb18f3ac3f373759295cc8ba3e2c3,health_beauty,-0.5996137,7,4.285714285714286,0.1428571428571428,Q2 (7-12),Medium (3.5-4.5)
983,cfd414b4463647f58c7775eaae06893d,health_beauty,-0.8668585,18,4.111111111111111,0.1111111111111111,Q3 (13-24),Medium (3.5-4.5)
986,d011223de539cd224b5c5c8082313d46,furniture_decor,-3.2325912,7,2.7142857142857144,0.5714285714285714,Q2 (7-12),Low (<3.5)
987,d0349534ab9b46b98d13a53051310f24,computers_accessories,-1.5379953,11,4.636363636363637,0.0,Q2 (7-12),High (>4.5)
988,d04857e7b4b708ee8b8b9921163edba3,computers_accessories,-4.5919676,24,4.5,0.0833333333333333,Q3 (13-24),Medium (3.5-4.5)
989,d04bbac48960ecb7ea311b00ca6e1cb7,industry_commerce_and_business,-0.021029381,35,4.257142857142857,0.1142857142857142,Q4 (25+),Medium (3.5-4.5)
990,d04e48982547095af81c231c3d581cb6,watches_gifts,-1.922836,18,4.444444444444445,0.0555555555555555,Q3 (13-24),Medium (3.5-4.5)
996,d1c427060a0f73f6b889a5c7c61f2ac4,computers_accessories,-1.22843,269,4.263940520446097,0.1003717472118959,Q4 (25+),Medium (3.5-4.5)
997,d2085f7e0f9533605386960fc7e987ec,garden_tools,-0.390367,8,3.875,0.0,Q2 (7-12),Medium (3.5-4.5)
998,d285360f29ac7fd97640bf0baef03de0,watches_gifts,-0.46491513,57,4.315789473684211,0.087719298245614,Q4 (25+),Medium (3.5-4.5)
999,d2b0f9cd5e31ed47dbf92b157c0cda96,sports_leisure,-0.81912786,8,4.25,0.125,Q2 (7-12),Medium (3.5-4.5)
1000,d2bea3c01e172037caa99b2d138f39d0,small_appliances,-0.29897788,14,4.5,0.0714285714285714,Q3 (13-24),Medium (3.5-4.5)
1001,d2f2c2b94c6ac44ece0bd0dd202c7939,furniture_decor,-0.5900443,1,5.0,0.0,Q1 (0-6),High (>4.5)
1002,d322eb25f02924adba73e58dbc36b29c,watches_gifts,-0.34150204,6,4.833333333333333,0.0,Q1 (0-6),High (>4.5)
1003,d34ec3c23c142291062f958688a1b41c,luggage_accessories,-0.038786557,3,4.666666666666667,0.0,Q1 (0-6),High (>4.5)
1005,d41a23bd2bc3ec10cfffc66c0611a290,furniture_decor,-0.41311246,5,2.8,0.6,Q1 (0-6),Low (<3.5)
1008,d5140e1d258c83a340419c6522c7da22,furniture_decor,-0.50508326,4,5.0,0.0,Q1 (0-6),High (>4.5)
1009,d59349a33fcba18707a61aa852c02c5b,bed_bath_table,-0.23603518,0,0.0,0.0,Q1 (0-6),No rating
1013,d63c1011f49d98b976c352955b1c4bea,health_beauty,-0.06355353,44,4.295454545454546,0.0909090909090909,Q4 (25+),Medium (3.5-4.5)
1014,d678178aa4291cd25a755a90188375c8,furniture_decor,-7.541549,15,4.2,0.2666666666666666,Q3 (13-24),Medium (3.5-4.5)
1015,d692d19cee022f7acab76373f297ad6a,bed_bath_table,-0.048835866,24,4.416666666666667,0.0833333333333333,Q3 (13-24),Medium (3.5-4.5)
1017,d6aa421b9567e3e2a3a0caf8fb846cbc,housewares,-0.95586246,12,3.8333333333333335,0.1666666666666666,Q2 (7-12),Medium (3.5-4.5)
1020,d76c049f36a5b4975aa3cf095a6fa499,computers_accessories,-0.06835276,0,0.0,0.0,Q1 (0-6),No rating
1022,d8f254be723da6488610b42935533b05,watches_gifts,-0.0892658,8,3.5,0.25,Q2 (7-12),Medium (3.5-4.5)
1023,d918b3f4aa5272c2c3cd088d087ca069,sports_leisure,-0.12703434,14,4.642857142857143,0.0,Q3 (13-24),High (>4.5)
1026,d9bdf643d95cb89844c0da1a0df1d16e,perfumery,-4.7768984,15,4.133333333333334,0.1333333333333333,Q3 (13-24),Medium (3.5-4.5)
1028,dab2413ead0edda9967edbc9bda2a64e,telephony,-0.93849796,54,3.6666666666666665,0.2037037037037037,Q4 (25+),Medium (3.5-4.5)
1031,db6677c6f890ba1730c0b75bd8132579,health_beauty,-0.10450701,10,3.5,0.3,Q2 (7-12),Medium (3.5-4.5)
1032,db6796aa712a2626572bb3d0b9a039cf,bed_bath_table,-0.05158452,8,3.625,0.25,Q2 (7-12),Medium (3.5-4.5)
1035,dbb67791e405873b259e4656bf971246,computers_accessories,-2.6987708,74,3.8513513513513513,0.2567567567567567,Q4 (25+),Medium (3.5-4.5)
1041,dd0dcee76f9c12fff4bc0eb641d57c7f,electronics,-1.2585925,41,3.975609756097561,0.1707317073170731,Q4 (25+),Medium (3.5-4.5)
1043,dd4c3b4ab7e001aaf385ea2e68952030,baby,-1.4747036,17,3.8823529411764706,0.1764705882352941,Q3 (13-24),Medium (3.5-4.5)
1044,dd60cac04e6bcbc919cb1c7dcc473211,housewares,-3.7097225,9,4.666666666666667,0.0,Q2 (7-12),High (>4.5)
1047,ddceb6eef6af67e9fbbd4c148dbe5fd9,cool_stuff,-0.33018747,29,4.551724137931035,0.0344827586206896,Q4 (25+),High (>4.5)
1049,dfec64aac9b864b2807a7be33222b75f,bed_bath_table,-0.1573277,7,4.285714285714286,0.1428571428571428,Q2 (7-12),Medium (3.5-4.5)
1050,e03102efbc2229024c89be731f0aedcb,stationery,-0.010543777,47,4.127659574468085,0.1702127659574468,Q4 (25+),Medium (3.5-4.5)
1051,e070a61270050c4b1b704300f331cca6,pet_shop,-0.020360397,10,4.4,0.1,Q2 (7-12),Medium (3.5-4.5)
1052,e0d64dcfaa3b6db5c54ca298ae101d05,watches_gifts,-1.4375604,139,3.949640287769784,0.1870503597122302,Q4 (25+),Medium (3.5-4.5)
1055,e1da6ab77f4859eb17950e5df1c0f815,pet_shop,-0.29010656,29,3.586206896551724,0.1379310344827586,Q4 (25+),Medium (3.5-4.5)
1056,e1e932dfb67414e80b87ad97688cf2a3,toys,-0.8293953,17,4.411764705882353,0.1176470588235294,Q3 (13-24),Medium (3.5-4.5)
1057,e24f73b7631ee3fbb2ab700a9acaa258,fashion_bags_accessories,-0.04861772,13,3.769230769230769,0.0769230769230769,Q3 (13-24),Medium (3.5-4.5)
1063,e2f1ccf86759df28dd1e9f2e0e3242d4,health_beauty,-0.18126571,8,4.25,0.125,Q2 (7-12),Medium (3.5-4.5)
1064,e3425df9bd51be69917273c9dd92ed5e,watches_gifts,-1.0083342,19,4.421052631578948,0.0526315789473684,Q3 (13-24),Medium (3.5-4.5)
1065,e357a8646a17191f03fd9f833a0fa29b,furniture_decor,-0.2470298,6,4.5,0.0,Q1 (0-6),Medium (3.5-4.5)
1067,e3dd336775af78a83fc27ed85f0f15da,health_beauty,-1.0133661,6,4.166666666666667,0.0,Q1 (0-6),Medium (3.5-4.5)
1069,e44f675b60b3a3a2453ec36421e06f0f,sports_leisure,-0.6700025,74,4.148648648648648,0.1216216216216216,Q4 (25+),Medium (3.5-4.5)
1071,e4ca5b20cfe1a020e15e36fe14e880ee,electronics,-0.11551617,20,3.3,0.3,Q3 (13-24),Low (<3.5)
1072,e4d325bd1eea550509bdbbc5c3301fc1,perfumery,-6.091656,27,4.333333333333333,0.1481481481481481,Q4 (25+),Medium (3.5-4.5)
1073,e53e557d5a159f5aa2c5e995dfdf244b,computers_accessories,-2.7900434,156,3.5256410256410255,0.2948717948717949,Q4 (25+),Medium (3.5-4.5)
1074,e54464e95c9fb80e4edefa0ba49133c1,toys,-0.28981572,14,4.285714285714286,0.0714285714285714,Q3 (13-24),Medium (3.5-4.5)
1075,e57eb018e37376580079825eb29a3419,watches_gifts,-0.9206099,14,4.142857142857143,0.1428571428571428,Q3 (13-24),Medium (3.5-4.5)
1076,e5989cd466f0714e1439b95bf6a279da,furniture_decor,-2.6538906,0,0.0,0.0,Q1 (0-6),No rating
1077,e59dd207c69d86e890febadc796d1078,cool_stuff,-6.5406904,41,4.024390243902439,0.1707317073170731,Q4 (25+),Medium (3.5-4.5)
1078,e5ae72c62ebfa708624f5029d609b160,computers_accessories,-0.39720225,31,4.129032258064516,0.1612903225806451,Q4 (25+),Medium (3.5-4.5)
1079,e5cac955339b48ea3b9773f034623e29,watches_gifts,-0.061982866,8,4.875,0.0,Q2 (7-12),High (>4.5)
1080,e61c78a7343d82c0539d27df0f7dfc31,bed_bath_table,-0.041782442,7,3.5714285714285716,0.2857142857142857,Q2 (7-12),Medium (3.5-4.5)
1085,e6fd80a00ebb1a3e0d58a38555fbbf2c,computers_accessories,-5.4688606,5,5.0,0.0,Q1 (0-6),High (>4.5)
1086,e729528d0513c6dfec158a515a47187b,sports_leisure,-0.19441271,0,0.0,0.0,Q1 (0-6),No rating
1087,e78506414d2563b6414cfd84b7fa0802,perfumery,-1.1528348,14,4.571428571428571,0.0714285714285714,Q3 (13-24),High (>4.5)
1090,e7f85e7f0203b7b95cc1b4c21b4b070c,cool_stuff,-0.011074602,14,4.928571428571429,0.0,Q3 (13-24),High (>4.5)
1092,e84997d75938765ef99930f908ceedf4,stationery,-0.0037303157,9,4.333333333333333,0.1111111111111111,Q2 (7-12),Medium (3.5-4.5)
1094,e8c6039a25765995ac7c1ec2cbef5765,watches_gifts,-0.0130742835,13,4.0,0.1538461538461538,Q3 (13-24),Medium (3.5-4.5)
1095,e94df75b2e9a8b056be0c144a731f55c,pet_shop,-0.1596546,14,4.571428571428571,0.0,Q3 (13-24),High (>4.5)
1097,e9a69340883a438c3f91739d14d3a56d,housewares,-0.75182223,43,4.023255813953488,0.1627906976744186,Q4 (25+),Medium (3.5-4.5)
1099,e9b3cf27d68caa64832c4a7c460abcb9,market_place,-0.62282455,12,4.333333333333333,0.0833333333333333,Q2 (7-12),Medium (3.5-4.5)
1102,ea44caac707f7f1325182a538007f838,baby,-4.757585,47,4.0212765957446805,0.1489361702127659,Q4 (25+),Medium (3.5-4.5)
1103,eaa26a34984cbfedc19b1e45f09f3c9a,cool_stuff,-5.323255,4,4.25,0.0,Q1 (0-6),Medium (3.5-4.5)
1106,eb7172d8a3c64298d2d767f6603c231e,toys,-1.5570469,12,4.833333333333333,0.0,Q2 (7-12),High (>4.5)
1107,eb8c629f70275fd1c4f809116cce1efc,furniture_decor,-7.8082705,67,3.462686567164179,0.2537313432835821,Q4 (25+),Low (<3.5)
1111,ec242882027ee23182f0e790e4117128,bed_bath_table,-0.022396438,0,0.0,0.0,Q1 (0-6),No rating
1112,ec2d43cc59763ec91694573b31f1c29a,bed_bath_table,-0.8368123,120,4.066666666666666,0.1333333333333333,Q4 (25+),Medium (3.5-4.5)
1113,ec96b7b4e1401281edb9465d0d689cae,food_drink,-2.1663463,12,3.5,0.3333333333333333,Q2 (7-12),Medium (3.5-4.5)
1115,ed00a8453145186b3f071f1e3edef33d,construction_tools_construction,-4.940363,6,2.8333333333333335,0.5,Q1 (0-6),Low (<3.5)
1116,ed2067a9c1f79553088a3c67b99a9f97,food,-1.5834863,44,4.5227272727272725,0.0454545454545454,Q4 (25+),High (>4.5)
1117,ed5122a6a757a4fea8f32a6fb95a5135,bed_bath_table,-0.3143936,15,4.133333333333334,0.1333333333333333,Q3 (13-24),Medium (3.5-4.5)
1118,ed77034b92386a1a8cfd3c648d715dde,telephony,-0.9423955,7,4.571428571428571,0.0,Q2 (7-12),High (>4.5)
1120,ee0c1cf2fbeae95205b4aa506f1469f0,perfumery,-1.355857,72,3.875,0.25,Q4 (25+),Medium (3.5-4.5)
1122,ee406bf28024d97771c4b1e8b7e8e219,cool_stuff,-0.45278615,83,4.180722891566265,0.1686746987951807,Q4 (25+),Medium (3.5-4.5)
1123,ee5329ffbe604bebcf84b2fd7792024e,health_beauty,-0.06759652,6,4.5,0.0,Q1 (0-6),Medium (3.5-4.5)
1124,ee57070aa3b24a06fdd0e02efd2d757d,computers_accessories,-0.070316084,13,3.3846153846153846,0.3846153846153846,Q3 (13-24),Low (<3.5)
1125,ee6c49af1a2de55aa0e076257ab4ab99,computers_accessories,-2.579255,22,3.636363636363636,0.2272727272727272,Q3 (13-24),Medium (3.5-4.5)
1128,ef0e165d773ec293c5aeb5470a08b183,cool_stuff,-0.19944464,11,4.0,0.0909090909090909,Q2 (7-12),Medium (3.5-4.5)
1129,ef5c31aee1d5074121a478b14d3eb50e,stationery,-0.00061808346,5,4.4,0.0,Q1 (0-6),Medium (3.5-4.5)
1130,ef66e63137bdd1b2e44aa968646fc1e3,furniture_decor,-0.5736687,0,0.0,0.0,Q1 (0-6),No rating
1132,f03859e4cc21018569f5ae7a03897ff4,consoles_games,-0.24135797,4,5.0,0.0,Q1 (0-6),High (>4.5)
1134,f083f237cbf95dd0a5185e902f385dd5,home_appliances,-0.0067116595,3,5.0,0.0,Q1 (0-6),High (>4.5)
1135,f0c1c1d5ec61ce4c4846abd4283631df,food,-0.030162474,13,4.076923076923077,0.0769230769230769,Q3 (13-24),Medium (3.5-4.5)
1136,f102842fbe436027eeeb7fc76d3063aa,consoles_games,-0.039790034,7,4.428571428571429,0.0,Q2 (7-12),Medium (3.5-4.5)
1137,f177b434709ecb652dbee4f4b19aef2f,fashion_bags_accessories,-0.046974346,21,4.428571428571429,0.0476190476190476,Q3 (13-24),Medium (3.5-4.5)
1139,f1d4ce8c6dd66c47bbaa8c6781c2a923,baby,-0.06598223,14,4.214285714285714,0.0,Q3 (13-24),Medium (3.5-4.5)
1140,f20a14d45e85b05ef554d10d7283f7da,telephony,-0.08794237,5,2.8,0.4,Q1 (0-6),Low (<3.5)
1141,f2399cabe080029634d12cec4f60dbf0,office_furniture,-0.4753862,13,4.3076923076923075,0.0769230769230769,Q3 (13-24),Medium (3.5-4.5)
1143,f27aff266ad97e75d4a24c893b2c311e,home_appliances_2,-0.1447188,5,4.8,0.0,Q1 (0-6),High (>4.5)
1145,f2d649f157cebee085ed738f23d5d6b7,baby,-0.14400618,9,3.6666666666666665,0.2222222222222222,Q2 (7-12),Medium (3.5-4.5)
1146,f2e53dd1670f3c376518263b3f71424d,bed_bath_table,-0.24336492,16,3.6875,0.125,Q3 (13-24),Medium (3.5-4.5)
1148,f34707f5f83dbd799b36e79242802784,telephony,-3.455334,8,5.0,0.0,Q2 (7-12),High (>4.5)
1149,f35927953ed82e19d06ad3aac2f06353,books_general_interest,-3.3193264,42,4.285714285714286,0.119047619047619,Q4 (25+),Medium (3.5-4.5)
1150,f361fccba568fabe00db466f80626d1e,auto,-0.04796328,18,4.0,0.1666666666666666,Q3 (13-24),Medium (3.5-4.5)
1153,f3c5707e7c539ab6533e3611da02b648,bed_bath_table,-0.53582746,10,3.7,0.2,Q2 (7-12),Medium (3.5-4.5)
1155,f40876e0ef3cd5f9132b1f16b04b1346,health_beauty,-3.144518,44,4.136363636363637,0.1590909090909091,Q4 (25+),Medium (3.5-4.5)
1157,f4685661dba7a38783007afb3e5fe8ac,baby,-0.938178,7,3.2857142857142856,0.2857142857142857,Q2 (7-12),Low (<3.5)
1158,f49e985b4cb2d0543890d6dd00077663,small_appliances_home_oven_and_coffee,-0.0017960779,1,5.0,0.0,Q1 (0-6),High (>4.5)
1159,f4a38926843e01497a3f63a5d5740c72,electronics,-1.1294203,16,4.0625,0.125,Q3 (13-24),Medium (3.5-4.5)
1160,f4d450a6163f21cf9db8bcdf8c7e50f8,office_furniture,-0.31450996,10,4.4,0.1,Q2 (7-12),Medium (3.5-4.5)
1161,f4f4debbcfcafe6858d1e37a1f6e436e,office_furniture,-0.000981662,0,0.0,0.0,Q1 (0-6),No rating
1163,f51dde119b9a90e3c7464f0cc45c0953,electronics,-0.43332744,5,4.4,0.0,Q1 (0-6),Medium (3.5-4.5)
1164,f5cb4f19ca215fb34aef190918d45f46,computers_accessories,-0.35645238,0,0.0,0.0,Q1 (0-6),No rating
1165,f63729cf4441fe64282cd1b82281792d,sports_leisure,-0.012201695,3,5.0,0.0,Q1 (0-6),High (>4.5)
1166,f67ad6b3366ae186b8d29087e6d5ebd0,auto,-1.0574318,12,4.0,0.1666666666666666,Q2 (7-12),Medium (3.5-4.5)
1167,f699b297070aa38aaf3de9639302506a,sports_leisure,-0.13843615,11,4.181818181818182,0.0909090909090909,Q2 (7-12),Medium (3.5-4.5)
1169,f71050e65776861c8c3ec7a2d2b0194c,housewares,-0.2839403,6,4.5,0.0,Q1 (0-6),Medium (3.5-4.5)
1173,f7740e5b4337a3cc4a8a204553101a85,health_beauty,-0.8833504,4,5.0,0.0,Q1 (0-6),High (>4.5)
1174,f77dd338d9f75229a09cbb9a18fd0c9a,bed_bath_table,-0.03712864,16,4.3125,0.125,Q3 (13-24),Medium (3.5-4.5)
1175,f788dd44fc883f0664693a6dea50437f,toys,-1.7191447,10,4.7,0.0,Q2 (7-12),High (>4.5)
1176,f7a17d2c51d9df89a4f1711c4ac17f33,housewares,-1.4114118,61,4.540983606557377,0.0327868852459016,Q4 (25+),High (>4.5)
1178,f819f0c84a64f02d3a5606ca95edd272,watches_gifts,-1.078723,37,4.216216216216216,0.1081081081081081,Q4 (25+),Medium (3.5-4.5)
1179,f83c9874b5b5044ea58fef1be68c1ea8,cool_stuff,-0.00033085645,20,4.15,0.15,Q3 (13-24),Medium (3.5-4.5)
1180,f908d3bf313a1308bfb2a46ea2685347,toys,-2.994549,16,3.9375,0.25,Q3 (13-24),Medium (3.5-4.5)
1182,f95dcd7b0926e47d0f20a9050aea2e9e,electronics,-0.2190197,6,4.5,0.0,Q1 (0-6),Medium (3.5-4.5)
1184,f9a508234fed38c95437c5a16b847774,consoles_games,-0.26227102,9,4.444444444444445,0.1111111111111111,Q2 (7-12),Medium (3.5-4.5)
1185,f9be8e0e5acd947d8f49dbc390b9ab20,bed_bath_table,-0.23050879,13,3.8461538461538463,0.2307692307692307,Q3 (13-24),Medium (3.5-4.5)
1189,fa381a4a9af65ea5fc8f3829214045f9,sports_leisure,-0.012957939,10,4.4,0.1,Q2 (7-12),Medium (3.5-4.5)
1192,fa7be99321f2dbb1e518d2139ccb1d39,sports_leisure,-0.2459536,10,3.9,0.2,Q2 (7-12),Medium (3.5-4.5)
1195,fb55982be901439613a95940feefd9ee,stationery,-2.6825695,76,4.105263157894737,0.1052631578947368,Q4 (25+),Medium (3.5-4.5)
1196,fb783e3e545937820b57fe539b2c5a6c,bed_bath_table,-0.050566502,16,4.125,0.125,Q3 (13-24),Medium (3.5-4.5)
1197,fbc1488c1a1e72ba175f53ab29a248e8,perfumery,-1.7910169,22,4.590909090909091,0.0909090909090909,Q3 (13-24),High (>4.5)
1198,fbd4031ddbc3d02b95834b62769d3ad0,housewares,-2.2075324,14,4.714285714285714,0.0,Q3 (13-24),High (>4.5)
1200,fc1d8637c0268af3db482c14b7ef8e75,bed_bath_table,-0.2542141,35,4.314285714285714,0.0857142857142857,Q4 (25+),Medium (3.5-4.5)
1201,fc2351bcf24c714e5d21b44ad41198b7,baby,-0.21168996,7,4.714285714285714,0.0,Q2 (7-12),High (>4.5)
1202,fcaab5d7f656094e49fbe4ee3a506658,stationery,-0.01643375,5,4.4,0.0,Q1 (0-6),Medium (3.5-4.5)
1203,fcf6ad274391aea29f5d6e5ef9da5050,pet_shop,-0.15568432,14,4.5,0.0714285714285714,Q3 (13-24),Medium (3.5-4.5)
1204,fd220f6fd5a3f13ef9db07428f9c935d,baby,-1.1270643,3,4.0,0.0,Q1 (0-6),Medium (3.5-4.5)
1206,fe01b643060a6446e59f58e3021e66b3,perfumery,-7.3855305,24,4.291666666666667,0.0833333333333333,Q3 (13-24),Medium (3.5-4.5)
1207,fe077ec80df6b4ee60bb4498d5ab1962,computers_accessories,-0.8862881,12,4.083333333333333,0.1666666666666666,Q2 (7-12),Medium (3.5-4.5)
1209,fe6a9515d655fa7936b8a7c841039f34,cool_stuff,-1.2419261,37,4.27027027027027,0.1351351351351351,Q4 (25+),Medium (3.5-4.5)
1210,fe75529a267b76ac6e96f0c322a899a4,health_beauty,-0.06483332,13,4.769230769230769,0.0,Q3 (13-24),High (>4.5)
1211,fe9dfbe7f974621789683b7b78be2a16,health_beauty,-0.2514218,20,3.95,0.2,Q3 (13-24),Medium (3.5-4.5)
1212,fed5c40c27e1c88560a9e92d82ee0825,electronics,-2.0360398,16,4.4375,0.0625,Q3 (13-24),Medium (3.5-4.5)
1213,ff29d8cb1cd0cd5ea37b80dac9939e1c,electronics,-0.39667872,21,4.333333333333333,0.0952380952380952,Q3 (13-24),Medium (3.5-4.5)
1216,ffaf0af7eebb57c7f262b51ebb05dfd6,health_beauty,-3.8050673,11,2.909090909090909,0.3636363636363636,Q2 (7-12),Low (<3.5)
1217,ffc9caf33e2d1e9f44e3e06da19085f7,health_beauty,-0.01958961,17,4.470588235294118,0.0,Q3 (13-24),Medium (3.5-4.5)
